instance,pivoting_rule,neighborhood,initial_solution,cost,delta_percent,time_seconds,instance_clean,best_known
N-tiw56r67_250,first,transpose,random,3716700,29.736478,8.7e-05,N-tiw56r67_250,5289658
N-tiw56r67_250,first,transpose,cw,4415193,16.531598,0.006715,N-tiw56r67_250,5289658
N-tiw56r67_250,first,exchange,random,3707395,29.912388,4.4e-05,N-tiw56r67_250,5289658
N-tiw56r67_250,first,exchange,cw,4415322,16.529159,0.008832,N-tiw56r67_250,5289658
N-tiw56r67_250,first,insert,random,3707418,29.911953,5e-05,N-tiw56r67_250,5289658
N-tiw56r67_250,first,insert,cw,4415219,16.531107,0.008191,N-tiw56r67_250,5289658
N-tiw56r67_250,best,transpose,random,3716700,29.736478,0.003034,N-tiw56r67_250,5289658
N-tiw56r67_250,best,transpose,cw,4415416,16.527382,0.011606,N-tiw56r67_250,5289658
N-tiw56r67_250,best,exchange,random,3773767,28.657637,0.292657,N-tiw56r67_250,5289658
N-tiw56r67_250,best,exchange,cw,4442464,16.016045,0.289906,N-tiw56r67_250,5289658
N-tiw56r67_250,best,insert,random,3744510,29.210735,0.464337,N-tiw56r67_250,5289658
N-tiw56r67_250,best,insert,cw,4436383,16.131005,0.491227,N-tiw56r67_250,5289658
N-tiw56r66_150,first,transpose,random,1154651,40.505061,1.6e-05,N-tiw56r66_150,1940755
N-tiw56r66_150,first,transpose,cw,1605907,17.253492,0.001037,N-tiw56r66_150,1940755
N-tiw56r66_150,first,exchange,random,1155321,40.470539,1.4e-05,N-tiw56r66_150,1940755
N-tiw56r66_150,first,exchange,cw,1605907,17.253492,0.001175,N-tiw56r66_150,1940755
N-tiw56r66_150,first,insert,random,1155321,40.470539,1.1e-05,N-tiw56r66_150,1940755
N-tiw56r66_150,first,insert,cw,1605907,17.253492,0.001031,N-tiw56r66_150,1940755
N-tiw56r66_150,best,transpose,random,1162574,40.096818,0.000365,N-tiw56r66_150,1940755
N-tiw56r66_150,best,transpose,cw,1606283,17.234118,0.00145,N-tiw56r66_150,1940755
N-tiw56r66_150,best,exchange,random,1196552,38.346056,0.030363,N-tiw56r66_150,1940755
N-tiw56r66_150,best,exchange,cw,1634326,15.789165,0.030283,N-tiw56r66_150,1940755
N-tiw56r66_150,best,insert,random,1179822,39.208092,0.060465,N-tiw56r66_150,1940755
N-tiw56r66_150,best,insert,cw,1621932,16.427782,0.063645,N-tiw56r66_150,1940755
N-tiw56n58_250,first,transpose,random,2069954,28.785749,4.8e-05,N-tiw56n58_250,2906657
N-tiw56n58_250,first,transpose,cw,2454929,15.541153,0.004755,N-tiw56n58_250,2906657
N-tiw56n58_250,first,exchange,random,2069749,28.792802,4.7e-05,N-tiw56n58_250,2906657
N-tiw56n58_250,first,exchange,cw,2454929,15.541153,0.004725,N-tiw56n58_250,2906657
N-tiw56n58_250,first,insert,random,2071160,28.744258,0.000775,N-tiw56n58_250,2906657
N-tiw56n58_250,first,insert,cw,2454929,15.541153,0.006881,N-tiw56n58_250,2906657
N-tiw56n58_250,best,transpose,random,2075412,28.597974,0.002446,N-tiw56n58_250,2906657
N-tiw56n58_250,best,transpose,cw,2455120,15.534581,0.009274,N-tiw56n58_250,2906657
N-tiw56n58_250,best,exchange,random,2093265,27.983763,0.217213,N-tiw56n58_250,2906657
N-tiw56n58_250,best,exchange,cw,2465482,15.178089,0.200671,N-tiw56n58_250,2906657
N-tiw56n58_250,best,insert,random,2084494,28.285518,0.402401,N-tiw56n58_250,2906657
N-tiw56n58_250,best,insert,cw,2463120,15.259351,0.434265,N-tiw56n58_250,2906657
N-stabu1_150,first,transpose,random,1864171,35.175774,1.1e-05,N-stabu1_150,2875732
N-stabu1_150,first,transpose,cw,2366578,17.705196,0.000916,N-stabu1_150,2875732
N-stabu1_150,first,exchange,random,1864813,35.15345,1.9e-05,N-stabu1_150,2875732
N-stabu1_150,first,exchange,cw,2366578,17.705196,0.000915,N-stabu1_150,2875732
N-stabu1_150,first,insert,random,1864171,35.175774,0.000341,N-stabu1_150,2875732
N-stabu1_150,first,insert,cw,2366578,17.705196,0.000916,N-stabu1_150,2875732
N-stabu1_150,best,transpose,random,1869469,34.991543,0.000338,N-stabu1_150,2875732
N-stabu1_150,best,transpose,cw,2367509,17.672822,0.001239,N-stabu1_150,2875732
N-stabu1_150,best,exchange,random,1962648,31.751359,0.031362,N-stabu1_150,2875732
N-stabu1_150,best,exchange,cw,2404160,16.398329,0.030074,N-stabu1_150,2875732
N-stabu1_150,best,insert,random,1936699,32.653703,0.053573,N-stabu1_150,2875732
N-stabu1_150,best,insert,cw,2393915,16.754586,0.057284,N-stabu1_150,2875732
N-tiw56r67_150,first,transpose,random,1255772,38.931902,1.3e-05,N-tiw56r67_150,2056347
N-tiw56r67_150,first,transpose,cw,1721525,16.282369,0.000906,N-tiw56r67_150,2056347
N-tiw56r67_150,first,exchange,random,1256445,38.899174,1.1e-05,N-tiw56r67_150,2056347
N-tiw56r67_150,first,exchange,cw,1721525,16.282369,0.001009,N-tiw56r67_150,2056347
N-tiw56r67_150,first,insert,random,1256445,38.899174,9e-06,N-tiw56r67_150,2056347
N-tiw56r67_150,first,insert,cw,1721525,16.282369,0.000906,N-tiw56r67_150,2056347
N-tiw56r67_150,best,transpose,random,1262380,38.610556,0.000319,N-tiw56r67_150,2056347
N-tiw56r67_150,best,transpose,cw,1722795,16.220609,0.001245,N-tiw56r67_150,2056347
N-tiw56r67_150,best,exchange,random,1302111,36.67844,0.03074,N-tiw56r67_150,2056347
N-tiw56r67_150,best,exchange,cw,1756266,14.592916,0.03043,N-tiw56r67_150,2056347
N-tiw56r67_150,best,insert,random,1282238,37.644862,0.053605,N-tiw56r67_150,2056347
N-tiw56r67_150,best,insert,cw,1740335,15.36764,0.054806,N-tiw56r67_150,2056347
N-tiw56n72_150,first,transpose,random,2357456,43.000266,1.3e-05,N-tiw56n72_150,4135907
N-tiw56n72_150,first,transpose,cw,3490865,15.596144,0.000933,N-tiw56n72_150,4135907
N-tiw56n72_150,first,exchange,random,2359085,42.960879,1e-05,N-tiw56n72_150,4135907
N-tiw56n72_150,first,exchange,cw,3491990,15.568943,0.000938,N-tiw56n72_150,4135907
N-tiw56n72_150,first,insert,random,2359085,42.960879,1e-05,N-tiw56n72_150,4135907
N-tiw56n72_150,first,insert,cw,3490919,15.594838,0.000928,N-tiw56n72_150,4135907
N-tiw56n72_150,best,transpose,random,2372451,42.637709,0.000337,N-tiw56n72_150,4135907
N-tiw56n72_150,best,transpose,cw,3491532,15.580017,0.001241,N-tiw56n72_150,4135907
N-tiw56n72_150,best,exchange,random,2570969,37.837843,0.030515,N-tiw56n72_150,4135907
N-tiw56n72_150,best,exchange,cw,3523339,14.810971,0.029995,N-tiw56n72_150,4135907
N-tiw56n72_150,best,insert,random,2496470,39.639117,0.052723,N-tiw56n72_150,4135907
N-tiw56n72_150,best,insert,cw,3513172,15.056794,0.055064,N-tiw56n72_150,4135907
N-t65l11xx_250,first,transpose,random,406935,38.921943,6.5e-05,N-t65l11xx_250,666254
N-t65l11xx_250,first,transpose,cw,552442,17.082374,0.00429,N-t65l11xx_250,666254
N-t65l11xx_250,first,exchange,random,407286,38.86926,0.000117,N-t65l11xx_250,666254
N-t65l11xx_250,first,exchange,cw,552437,17.083124,0.004271,N-t65l11xx_250,666254
N-t65l11xx_250,first,insert,random,407539,38.831287,0.000306,N-t65l11xx_250,666254
N-t65l11xx_250,first,insert,cw,552437,17.083124,0.00733,N-t65l11xx_250,666254
N-t65l11xx_250,best,transpose,random,407677,38.810574,0.003504,N-t65l11xx_250,666254
N-t65l11xx_250,best,transpose,cw,552453,17.080723,0.006693,N-t65l11xx_250,666254
N-t65l11xx_250,best,exchange,random,421688,36.707622,0.189094,N-t65l11xx_250,666254
N-t65l11xx_250,best,exchange,cw,559039,16.092211,0.200718,N-t65l11xx_250,666254
N-t65l11xx_250,best,insert,random,418419,37.198276,0.40468,N-t65l11xx_250,666254
N-t65l11xx_250,best,insert,cw,557792,16.279377,0.43633,N-t65l11xx_250,666254
N-stabu3_150,first,transpose,random,2901598,35.669363,1e-05,N-stabu3_150,4510445
N-stabu3_150,first,transpose,cw,3672524,18.577347,0.001203,N-stabu3_150,4510445
N-stabu3_150,first,exchange,random,2901990,35.660672,1.8e-05,N-stabu3_150,4510445
N-stabu3_150,first,exchange,cw,3672524,18.577347,0.001008,N-stabu3_150,4510445
N-stabu3_150,first,insert,random,2901598,35.669363,0.000349,N-stabu3_150,4510445
N-stabu3_150,first,insert,cw,3672524,18.577347,0.000913,N-stabu3_150,4510445
N-stabu3_150,best,transpose,random,2908754,35.510709,0.000336,N-stabu3_150,4510445
N-stabu3_150,best,transpose,cw,3672721,18.572979,0.001256,N-stabu3_150,4510445
N-stabu3_150,best,exchange,random,3069209,31.9533,0.028861,N-stabu3_150,4510445
N-stabu3_150,best,exchange,cw,3728245,17.34197,0.0301,N-stabu3_150,4510445
N-stabu3_150,best,insert,random,3024173,32.951782,0.055131,N-stabu3_150,4510445
N-stabu3_150,best,insert,cw,3717162,17.587688,0.054986,N-stabu3_150,4510445
N-t65n11xx_150,first,transpose,random,354393,35.650669,1.5e-05,N-t65n11xx_150,550733
N-t65n11xx_150,first,transpose,cw,443534,19.464786,0.000914,N-t65n11xx_150,550733
N-t65n11xx_150,first,exchange,random,354424,35.64504,1.2e-05,N-t65n11xx_150,550733
N-t65n11xx_150,first,exchange,cw,443532,19.465149,0.000917,N-t65n11xx_150,550733
N-t65n11xx_150,first,insert,random,354424,35.64504,1.2e-05,N-t65n11xx_150,550733
N-t65n11xx_150,first,insert,cw,443530,19.465512,0.000923,N-t65n11xx_150,550733
N-t65n11xx_150,best,transpose,random,356561,35.257012,0.000335,N-t65n11xx_150,550733
N-t65n11xx_150,best,transpose,cw,443590,19.454618,0.001243,N-t65n11xx_150,550733
N-t65n11xx_150,best,exchange,random,364297,33.852339,0.030318,N-t65n11xx_150,550733
N-t65n11xx_150,best,exchange,cw,447592,18.72795,0.030028,N-t65n11xx_150,550733
N-t65n11xx_150,best,insert,random,361253,34.405057,0.055164,N-t65n11xx_150,550733
N-t65n11xx_150,best,insert,cw,446877,18.857777,0.05603,N-t65n11xx_150,550733
N-tiw56n67_150,first,transpose,random,1349707,43.120561,1.3e-05,N-tiw56n67_150,2372926
N-tiw56n67_150,first,transpose,cw,2015630,15.057191,0.000957,N-tiw56n67_150,2372926
N-tiw56n67_150,first,exchange,random,1350420,43.090514,9e-06,N-tiw56n67_150,2372926
N-tiw56n67_150,first,exchange,cw,2017058,14.997012,0.000955,N-tiw56n67_150,2372926
N-tiw56n67_150,first,insert,random,1350420,43.090514,9e-06,N-tiw56n67_150,2372926
N-tiw56n67_150,first,insert,cw,2015508,15.062332,0.000954,N-tiw56n67_150,2372926
N-tiw56n67_150,best,transpose,random,1357639,42.78629,0.000322,N-tiw56n67_150,2372926
N-tiw56n67_150,best,transpose,cw,2016909,15.003291,0.001244,N-tiw56n67_150,2372926
N-tiw56n67_150,best,exchange,random,1458127,38.551518,0.030538,N-tiw56n67_150,2372926
N-tiw56n67_150,best,exchange,cw,2040318,14.016788,0.029756,N-tiw56n67_150,2372926
N-tiw56n67_150,best,insert,random,1420424,40.140401,0.053173,N-tiw56n67_150,2372926
N-tiw56n67_150,best,insert,cw,2033395,14.308537,0.054453,N-tiw56n67_150,2372926
N-t70d11xn_250,first,transpose,random,10477485,31.101193,3.7e-05,N-t70d11xn_250,15207063
N-t70d11xn_250,first,transpose,cw,12883073,15.282307,0.004161,N-t70d11xn_250,15207063
N-t70d11xn_250,first,exchange,random,10477736,31.099542,2.2e-05,N-t70d11xn_250,15207063
N-t70d11xn_250,first,exchange,cw,12884265,15.274468,0.006368,N-t70d11xn_250,15207063
N-t70d11xn_250,first,insert,random,10477462,31.101344,3.2e-05,N-t70d11xn_250,15207063
N-t70d11xn_250,first,insert,cw,12882955,15.283083,0.011123,N-t70d11xn_250,15207063
N-t70d11xn_250,best,transpose,random,10492483,31.002568,0.001727,N-t70d11xn_250,15207063
N-t70d11xn_250,best,transpose,cw,12883579,15.278979,0.006838,N-t70d11xn_250,15207063
N-t70d11xn_250,best,exchange,random,10649758,29.968344,0.190958,N-t70d11xn_250,15207063
N-t70d11xn_250,best,exchange,cw,12974771,14.679311,0.215967,N-t70d11xn_250,15207063
N-t70d11xn_250,best,insert,random,10575361,30.457571,0.405989,N-t70d11xn_250,15207063
N-t70d11xn_250,best,insert,cw,12959071,14.782552,0.455193,N-t70d11xn_250,15207063
N-t65d11xx_150,first,transpose,random,2322525,34.748565,1.4e-05,N-t65d11xx_150,3559347
N-t65d11xx_150,first,transpose,cw,2956398,16.939877,0.00094,N-t65d11xx_150,3559347
N-t65d11xx_150,first,exchange,random,2326208,34.645091,1.4e-05,N-t65d11xx_150,3559347
N-t65d11xx_150,first,exchange,cw,2956690,16.931673,0.000915,N-t65d11xx_150,3559347
N-t65d11xx_150,first,insert,random,2325735,34.65838,1.4e-05,N-t65d11xx_150,3559347
N-t65d11xx_150,first,insert,cw,2959802,16.844241,0.000913,N-t65d11xx_150,3559347
N-t65d11xx_150,best,transpose,random,2334009,34.425921,0.000325,N-t65d11xx_150,3559347
N-t65d11xx_150,best,transpose,cw,2956837,16.927543,0.001239,N-t65d11xx_150,3559347
N-t65d11xx_150,best,exchange,random,2377610,33.20095,0.030715,N-t65d11xx_150,3559347
N-t65d11xx_150,best,exchange,cw,2992453,15.92691,0.029707,N-t65d11xx_150,3559347
N-t65d11xx_150,best,insert,random,2360829,33.672412,0.054171,N-t65d11xx_150,3559347
N-t65d11xx_150,best,insert,cw,2984228,16.157992,0.054521,N-t65d11xx_150,3559347
N-stabu3_250,first,transpose,random,7842016,34.10245,3.1e-05,N-stabu3_250,11900315
N-stabu3_250,first,transpose,cw,9895134,16.849814,0.004172,N-stabu3_250,11900315
N-stabu3_250,first,exchange,random,7846031,34.068712,2.1e-05,N-stabu3_250,11900315
N-stabu3_250,first,exchange,cw,9895134,16.849814,0.004163,N-stabu3_250,11900315
N-stabu3_250,first,insert,random,7845960,34.069308,2.6e-05,N-stabu3_250,11900315
N-stabu3_250,first,insert,cw,9895134,16.849814,0.0071,N-stabu3_250,11900315
N-stabu3_250,best,transpose,random,7845175,34.075905,0.00356,N-stabu3_250,11900315
N-stabu3_250,best,transpose,cw,9895394,16.84763,0.006808,N-stabu3_250,11900315
N-stabu3_250,best,exchange,random,8043767,32.407109,0.184819,N-stabu3_250,11900315
N-stabu3_250,best,exchange,cw,10025960,15.750465,0.203521,N-stabu3_250,11900315
N-stabu3_250,best,insert,random,7958992,33.119485,0.405305,N-stabu3_250,11900315
N-stabu3_250,best,insert,cw,9984953,16.095053,0.435034,N-stabu3_250,11900315
N-stabu2_150,first,transpose,random,2779079,35.781523,1.3e-05,N-stabu2_150,4327538
N-stabu2_150,first,transpose,cw,3494341,19.253372,0.000918,N-stabu2_150,4327538
N-stabu2_150,first,exchange,random,2780196,35.755711,1.8e-05,N-stabu2_150,4327538
N-stabu2_150,first,exchange,cw,3494341,19.253372,0.000909,N-stabu2_150,4327538
N-stabu2_150,first,insert,random,2779079,35.781523,0.000344,N-stabu2_150,4327538
N-stabu2_150,first,insert,cw,3494341,19.253372,0.000907,N-stabu2_150,4327538
N-stabu2_150,best,transpose,random,2785797,35.626285,0.000336,N-stabu2_150,4327538
N-stabu2_150,best,transpose,cw,3495854,19.21841,0.001238,N-stabu2_150,4327538
N-stabu2_150,best,exchange,random,2940524,32.05088,0.031681,N-stabu2_150,4327538
N-stabu2_150,best,exchange,cw,3545050,18.081597,0.029767,N-stabu2_150,4327538
N-stabu2_150,best,insert,random,2898821,33.014545,0.053292,N-stabu2_150,4327538
N-stabu2_150,best,insert,cw,3536328,18.283144,0.055431,N-stabu2_150,4327538
N-t59f11xx_250,first,transpose,random,2777522,30.440325,3.8e-05,N-t59f11xx_250,3993006
N-t59f11xx_250,first,transpose,cw,3321180,16.825069,0.004255,N-t59f11xx_250,3993006
N-t59f11xx_250,first,exchange,random,2777691,30.436093,2.3e-05,N-t59f11xx_250,3993006
N-t59f11xx_250,first,exchange,cw,3321245,16.823441,0.004327,N-t59f11xx_250,3993006
N-t59f11xx_250,first,insert,random,2777621,30.437846,2.6e-05,N-t59f11xx_250,3993006
N-t59f11xx_250,first,insert,cw,3320992,16.829777,0.007119,N-t59f11xx_250,3993006
N-t59f11xx_250,best,transpose,random,2787122,30.199905,0.003574,N-t59f11xx_250,3993006
N-t59f11xx_250,best,transpose,cw,3322374,16.795166,0.006891,N-t59f11xx_250,3993006
N-t59f11xx_250,best,exchange,random,2824769,29.257081,0.192181,N-t59f11xx_250,3993006
N-t59f11xx_250,best,exchange,cw,3338941,16.380266,0.204467,N-t59f11xx_250,3993006
N-t59f11xx_250,best,insert,random,2811641,29.585856,0.407955,N-t59f11xx_250,3993006
N-t59f11xx_250,best,insert,cw,3337596,16.41395,0.448009,N-t59f11xx_250,3993006
N-tiw56n66_250,first,transpose,random,3815531,28.952626,4.7e-05,N-tiw56n66_250,5370404
N-tiw56n66_250,first,transpose,cw,4507014,16.076817,0.004155,N-tiw56n66_250,5370404
N-tiw56n66_250,first,exchange,random,3813944,28.982177,2.3e-05,N-tiw56n66_250,5370404
N-tiw56n66_250,first,exchange,cw,4507014,16.076817,0.004238,N-tiw56n66_250,5370404
N-tiw56n66_250,first,insert,random,3813984,28.981432,2.3e-05,N-tiw56n66_250,5370404
N-tiw56n66_250,first,insert,cw,4507014,16.076817,0.007123,N-tiw56n66_250,5370404
N-tiw56n66_250,best,transpose,random,3822342,28.825802,0.003259,N-tiw56n66_250,5370404
N-tiw56n66_250,best,transpose,cw,4507443,16.068828,0.007064,N-tiw56n66_250,5370404
N-tiw56n66_250,best,exchange,random,3859728,28.129653,0.191872,N-tiw56n66_250,5370404
N-tiw56n66_250,best,exchange,cw,4534914,15.557303,0.202436,N-tiw56n66_250,5370404
N-tiw56n66_250,best,insert,random,3842599,28.448605,0.40691,N-tiw56n66_250,5370404
N-tiw56n66_250,best,insert,cw,4524258,15.755723,0.442511,N-tiw56n66_250,5370404
N-stabu2_250,first,transpose,random,7599379,33.921018,2.7e-05,N-stabu2_250,11500448
N-stabu2_250,first,transpose,cw,9609461,16.442725,0.004148,N-stabu2_250,11500448
N-stabu2_250,first,exchange,random,7599379,33.921018,1.6e-05,N-stabu2_250,11500448
N-stabu2_250,first,exchange,cw,9609461,16.442725,0.00418,N-stabu2_250,11500448
N-stabu2_250,first,insert,random,7599379,33.921018,1.5e-05,N-stabu2_250,11500448
N-stabu2_250,first,insert,cw,9609461,16.442725,0.006794,N-stabu2_250,11500448
N-stabu2_250,best,transpose,random,7601770,33.900227,0.002231,N-stabu2_250,11500448
N-stabu2_250,best,transpose,cw,9609800,16.439777,0.008325,N-stabu2_250,11500448
N-stabu2_250,best,exchange,random,7790568,32.258569,0.188947,N-stabu2_250,11500448
N-stabu2_250,best,exchange,cw,9715753,15.518482,0.201902,N-stabu2_250,11500448
N-stabu2_250,best,insert,random,7714258,32.922109,0.406654,N-stabu2_250,11500448
N-stabu2_250,best,insert,cw,9694725,15.701327,0.437982,N-stabu2_250,11500448
N-t75n11xx_250,first,transpose,random,2995202,33.806842,3.1e-05,N-t75n11xx_250,4524942
N-t75n11xx_250,first,transpose,cw,3791203,16.215434,0.004145,N-t75n11xx_250,4524942
N-t75n11xx_250,first,exchange,random,2995202,33.806842,1.6e-05,N-t75n11xx_250,4524942
N-t75n11xx_250,first,exchange,cw,3792006,16.197688,0.004158,N-t75n11xx_250,4524942
N-t75n11xx_250,first,insert,random,2995202,33.806842,1.6e-05,N-t75n11xx_250,4524942
N-t75n11xx_250,first,insert,cw,3791968,16.198528,0.004112,N-t75n11xx_250,4524942
N-t75n11xx_250,best,transpose,random,3001449,33.668785,0.001541,N-t75n11xx_250,4524942
N-t75n11xx_250,best,transpose,cw,3791782,16.202639,0.009248,N-t75n11xx_250,4524942
N-t75n11xx_250,best,exchange,random,3052932,32.531025,0.19477,N-t75n11xx_250,4524942
N-t75n11xx_250,best,exchange,cw,3813366,15.725638,0.205459,N-t75n11xx_250,4524942
N-t75n11xx_250,best,insert,random,3027082,33.102303,0.406682,N-t75n11xx_250,4524942
N-t75n11xx_250,best,insert,cw,3805209,15.905906,0.444029,N-t75n11xx_250,4524942
N-be75eec_250,first,transpose,random,5686313,36.062384,3.9e-05,N-be75eec_250,8893533
N-be75eec_250,first,transpose,cw,7328814,17.593897,0.004147,N-be75eec_250,8893533
N-be75eec_250,first,exchange,random,5686248,36.063115,3e-05,N-be75eec_250,8893533
N-be75eec_250,first,exchange,cw,7328814,17.593897,0.004176,N-be75eec_250,8893533
N-be75eec_250,first,insert,random,5686297,36.062564,2.3e-05,N-be75eec_250,8893533
N-be75eec_250,first,insert,cw,7328587,17.596449,0.007227,N-be75eec_250,8893533
N-be75eec_250,best,transpose,random,5689017,36.03198,0.002645,N-be75eec_250,8893533
N-be75eec_250,best,transpose,cw,7329200,17.589556,0.007572,N-be75eec_250,8893533
N-be75eec_250,best,exchange,random,5860615,34.10251,0.190145,N-be75eec_250,8893533
N-be75eec_250,best,exchange,cw,7370327,17.127119,0.200554,N-be75eec_250,8893533
N-be75eec_250,best,insert,random,5796729,34.820852,0.408113,N-be75eec_250,8893533
N-be75eec_250,best,insert,cw,7374923,17.075441,0.437152,N-be75eec_250,8893533
N-tiw56n58_150,first,transpose,random,686058,40.621192,1.3e-05,N-tiw56n58_150,1155392
N-tiw56n58_150,first,transpose,cw,952871,17.528337,0.000952,N-tiw56n58_150,1155392
N-tiw56n58_150,first,exchange,random,686238,40.605613,1e-05,N-tiw56n58_150,1155392
N-tiw56n58_150,first,exchange,cw,952871,17.528337,0.00094,N-tiw56n58_150,1155392
N-tiw56n58_150,first,insert,random,686239,40.605526,1e-05,N-tiw56n58_150,1155392
N-tiw56n58_150,first,insert,cw,952871,17.528337,0.000913,N-tiw56n58_150,1155392
N-tiw56n58_150,best,transpose,random,691385,40.160136,0.000336,N-tiw56n58_150,1155392
N-tiw56n58_150,best,transpose,cw,952871,17.528337,0.00124,N-tiw56n58_150,1155392
N-tiw56n58_150,best,exchange,random,711972,38.378317,0.031117,N-tiw56n58_150,1155392
N-tiw56n58_150,best,exchange,cw,964342,16.535513,0.030015,N-tiw56n58_150,1155392
N-tiw56n58_150,best,insert,random,703765,39.088638,0.055335,N-tiw56n58_150,1155392
N-tiw56n58_150,best,insert,cw,960749,16.84649,0.054749,N-tiw56n58_150,1155392
N-t70l11xx_150,first,transpose,random,235982,45.982484,1.5e-05,N-t70l11xx_150,436862
N-t70l11xx_150,first,transpose,cw,350271,19.821133,0.000916,N-t70l11xx_150,436862
N-t70l11xx_150,first,exchange,random,236151,45.943799,1.8e-05,N-t70l11xx_150,436862
N-t70l11xx_150,first,exchange,cw,350271,19.821133,0.001238,N-t70l11xx_150,436862
N-t70l11xx_150,first,insert,random,236011,45.975846,0.000325,N-t70l11xx_150,436862
N-t70l11xx_150,first,insert,cw,350271,19.821133,0.001255,N-t70l11xx_150,436862
N-t70l11xx_150,best,transpose,random,240506,44.946917,0.000319,N-t70l11xx_150,436862
N-t70l11xx_150,best,transpose,cw,350271,19.821133,0.001339,N-t70l11xx_150,436862
N-t70l11xx_150,best,exchange,random,249111,42.977187,0.030431,N-t70l11xx_150,436862
N-t70l11xx_150,best,exchange,cw,354153,18.932523,0.02952,N-t70l11xx_150,436862
N-t70l11xx_150,best,insert,random,245019,43.913868,0.054217,N-t70l11xx_150,436862
N-t70l11xx_150,best,insert,cw,353210,19.148381,0.059059,N-t70l11xx_150,436862
N-tiw56r58_250,first,transpose,random,2177261,28.855189,6.2e-05,N-tiw56r58_250,3060323
N-tiw56r58_250,first,transpose,cw,2576979,15.793888,0.004495,N-tiw56r58_250,3060323
N-tiw56r58_250,first,exchange,random,2177056,28.861888,4e-05,N-tiw56r58_250,3060323
N-tiw56r58_250,first,exchange,cw,2577107,15.789706,0.004704,N-tiw56r58_250,3060323
N-tiw56r58_250,first,insert,random,2178446,28.816468,0.001011,N-tiw56r58_250,3060323
N-tiw56r58_250,first,insert,cw,2577112,15.789542,0.008464,N-tiw56r58_250,3060323
N-tiw56r58_250,best,transpose,random,2182691,28.677757,0.001927,N-tiw56r58_250,3060323
N-tiw56r58_250,best,transpose,cw,2577162,15.787909,0.006763,N-tiw56r58_250,3060323
N-tiw56r58_250,best,exchange,random,2201106,28.076023,0.198663,N-tiw56r58_250,3060323
N-tiw56r58_250,best,exchange,cw,2589544,15.383311,0.21041,N-tiw56r58_250,3060323
N-tiw56r58_250,best,insert,random,2191876,28.377625,0.41117,N-tiw56r58_250,3060323
N-tiw56r58_250,best,insert,cw,2588643,15.412752,0.448514,N-tiw56r58_250,3060323
N-t75k11xx_250,first,transpose,random,2752736,32.75922,3.1e-05,N-t75k11xx_250,4093849
N-t75k11xx_250,first,transpose,cw,3455931,15.582353,0.004111,N-t75k11xx_250,4093849
N-t75k11xx_250,first,exchange,random,2752736,32.75922,1.5e-05,N-t75k11xx_250,4093849
N-t75k11xx_250,first,exchange,cw,3455931,15.582353,0.004116,N-t75k11xx_250,4093849
N-t75k11xx_250,first,insert,random,2752736,32.75922,1.6e-05,N-t75k11xx_250,4093849
N-t75k11xx_250,first,insert,cw,3455931,15.582353,0.006917,N-t75k11xx_250,4093849
N-t75k11xx_250,best,transpose,random,2763563,32.49475,0.002147,N-t75k11xx_250,4093849
N-t75k11xx_250,best,transpose,cw,3456269,15.574097,0.008196,N-t75k11xx_250,4093849
N-t75k11xx_250,best,exchange,random,2819633,31.125134,0.189961,N-t75k11xx_250,4093849
N-t75k11xx_250,best,exchange,cw,3471432,15.203712,0.200713,N-t75k11xx_250,4093849
N-t75k11xx_250,best,insert,random,2795147,31.723251,0.408663,N-t75k11xx_250,4093849
N-t75k11xx_250,best,insert,cw,3471644,15.198533,0.435415,N-t75k11xx_250,4093849
N-be75oi_250,first,transpose,random,3621123,38.729878,4e-05,N-be75oi_250,5910096
N-be75oi_250,first,transpose,cw,5025254,14.971703,0.004235,N-be75oi_250,5910096
N-be75oi_250,first,exchange,random,3621081,38.730589,3.8e-05,N-be75oi_250,5910096
N-be75oi_250,first,exchange,cw,5025407,14.969114,0.004775,N-be75oi_250,5910096
N-be75oi_250,first,insert,random,3621461,38.724159,8.8e-05,N-be75oi_250,5910096
N-be75oi_250,first,insert,cw,5025407,14.969114,0.008509,N-be75oi_250,5910096
N-be75oi_250,best,transpose,random,3712894,37.177095,0.001943,N-be75oi_250,5910096
N-be75oi_250,best,transpose,cw,5025546,14.966762,0.0067,N-be75oi_250,5910096
N-be75oi_250,best,exchange,random,3853369,34.80023,0.198452,N-be75oi_250,5910096
N-be75oi_250,best,exchange,cw,5064942,14.300174,0.205784,N-be75oi_250,5910096
N-be75oi_250,best,insert,random,3755948,36.448613,0.409156,N-be75oi_250,5910096
N-be75oi_250,best,insert,cw,5058276,14.412964,0.446035,N-be75oi_250,5910096
N-t75k11xx_150,first,transpose,random,963651,37.490043,1.7e-05,N-t75k11xx_150,1541596
N-t75k11xx_150,first,transpose,cw,1228706,20.296498,0.000935,N-t75k11xx_150,1541596
N-t75k11xx_150,first,exchange,random,965236,37.387227,2.2e-05,N-t75k11xx_150,1541596
N-t75k11xx_150,first,exchange,cw,1228706,20.296498,0.000943,N-t75k11xx_150,1541596
N-t75k11xx_150,first,insert,random,963663,37.489264,2.5e-05,N-t75k11xx_150,1541596
N-t75k11xx_150,first,insert,cw,1228706,20.296498,0.000913,N-t75k11xx_150,1541596
N-t75k11xx_150,best,transpose,random,967063,37.268714,0.000335,N-t75k11xx_150,1541596
N-t75k11xx_150,best,transpose,cw,1228798,20.29053,0.001243,N-t75k11xx_150,1541596
N-t75k11xx_150,best,exchange,random,996090,35.385795,0.030774,N-t75k11xx_150,1541596
N-t75k11xx_150,best,exchange,cw,1242014,19.433237,0.030307,N-t75k11xx_150,1541596
N-t75k11xx_150,best,insert,random,989898,35.787457,0.055257,N-t75k11xx_150,1541596
N-t75k11xx_150,best,insert,cw,1241994,19.434534,0.055273,N-t75k11xx_150,1541596
N-t59d11xx_250,first,transpose,random,2779976,27.626786,2e-05,N-t59d11xx_250,3841167
N-t59d11xx_250,first,transpose,cw,3252079,15.336173,0.004188,N-t59d11xx_250,3841167
N-t59d11xx_250,first,exchange,random,2779976,27.626786,1.5e-05,N-t59d11xx_250,3841167
N-t59d11xx_250,first,exchange,cw,3252001,15.338203,0.004213,N-t59d11xx_250,3841167
N-t59d11xx_250,first,insert,random,2779976,27.626786,1.6e-05,N-t59d11xx_250,3841167
N-t59d11xx_250,first,insert,cw,3252720,15.319485,0.006894,N-t59d11xx_250,3841167
N-t59d11xx_250,best,transpose,random,2781584,27.584924,0.002234,N-t59d11xx_250,3841167
N-t59d11xx_250,best,transpose,cw,3252270,15.3312,0.008389,N-t59d11xx_250,3841167
N-t59d11xx_250,best,exchange,random,2812673,26.775561,0.194434,N-t59d11xx_250,3841167
N-t59d11xx_250,best,exchange,cw,3265194,14.99474,0.204913,N-t59d11xx_250,3841167
N-t59d11xx_250,best,insert,random,2803078,27.025355,0.407079,N-t59d11xx_250,3841167
N-t59d11xx_250,best,insert,cw,3261513,15.09057,0.438894,N-t59d11xx_250,3841167
N-t75d11xx_250,first,transpose,random,17160052,31.406597,2.9e-05,N-t75d11xx_250,25017059
N-t75d11xx_250,first,transpose,cw,20996691,16.070506,0.00424,N-t75d11xx_250,25017059
N-t75d11xx_250,first,exchange,random,17168074,31.374531,3.6e-05,N-t75d11xx_250,25017059
N-t75d11xx_250,first,exchange,cw,20996691,16.070506,0.004303,N-t75d11xx_250,25017059
N-t75d11xx_250,first,insert,random,17165358,31.385388,0.000298,N-t75d11xx_250,25017059
N-t75d11xx_250,first,insert,cw,20996691,16.070506,0.007516,N-t75d11xx_250,25017059
N-t75d11xx_250,best,transpose,random,17179795,31.327679,0.003397,N-t75d11xx_250,25017059
N-t75d11xx_250,best,transpose,cw,20997313,16.06802,0.006778,N-t75d11xx_250,25017059
N-t75d11xx_250,best,exchange,random,17402870,30.435988,0.189696,N-t75d11xx_250,25017059
N-t75d11xx_250,best,exchange,cw,21128415,15.543969,0.214644,N-t75d11xx_250,25017059
N-t75d11xx_250,best,insert,random,17304057,30.83097,0.408607,N-t75d11xx_250,25017059
N-t75d11xx_250,best,insert,cw,21071465,15.771614,0.454391,N-t75d11xx_250,25017059
N-tiw56r54_150,first,transpose,random,565747,40.956823,1.2e-05,N-tiw56r54_150,958192
N-tiw56r54_150,first,transpose,cw,800701,16.436267,0.00092,N-tiw56r54_150,958192
N-tiw56r54_150,first,exchange,random,565933,40.937411,9e-06,N-tiw56r54_150,958192
N-tiw56r54_150,first,exchange,cw,800993,16.405793,0.000935,N-tiw56r54_150,958192
N-tiw56r54_150,first,insert,random,565934,40.937307,1e-05,N-tiw56r54_150,958192
N-tiw56r54_150,first,insert,cw,800712,16.435119,0.00127,N-tiw56r54_150,958192
N-tiw56r54_150,best,transpose,random,569252,40.59103,0.000335,N-tiw56r54_150,958192
N-tiw56r54_150,best,transpose,cw,800865,16.419152,0.001246,N-tiw56r54_150,958192
N-tiw56r54_150,best,exchange,random,589682,38.458889,0.031129,N-tiw56r54_150,958192
N-tiw56r54_150,best,exchange,cw,809291,15.539787,0.029624,N-tiw56r54_150,958192
N-tiw56r54_150,best,insert,random,582829,39.17409,0.056252,N-tiw56r54_150,958192
N-tiw56r54_150,best,insert,cw,807000,15.778884,0.055038,N-tiw56r54_150,958192
N-tiw56n54_250,first,transpose,random,1484857,29.249602,4.2e-05,N-tiw56n54_250,2098726
N-tiw56n54_250,first,transpose,cw,1766248,15.841896,0.004138,N-tiw56n54_250,2098726
N-tiw56n54_250,first,exchange,random,1484717,29.256273,3.9e-05,N-tiw56n54_250,2098726
N-tiw56n54_250,first,exchange,cw,1766248,15.841896,0.004159,N-tiw56n54_250,2098726
N-tiw56n54_250,first,insert,random,1487186,29.13863,0.000747,N-tiw56n54_250,2098726
N-tiw56n54_250,first,insert,cw,1766248,15.841896,0.007323,N-tiw56n54_250,2098726
N-tiw56n54_250,best,transpose,random,1489757,29.016127,0.003523,N-tiw56n54_250,2098726
N-tiw56n54_250,best,transpose,cw,1766248,15.841896,0.00663,N-tiw56n54_250,2098726
N-tiw56n54_250,best,exchange,random,1502603,28.404041,0.190779,N-tiw56n54_250,2098726
N-tiw56n54_250,best,exchange,cw,1779053,15.231764,0.201466,N-tiw56n54_250,2098726
N-tiw56n54_250,best,insert,random,1495455,28.744629,0.408087,N-tiw56n54_250,2098726
N-tiw56n54_250,best,insert,cw,1774051,15.470099,0.438239,N-tiw56n54_250,2098726
N-t75d11xx_150,first,transpose,random,6408568,33.535833,1.5e-05,N-t75d11xx_150,9642140
N-t75d11xx_150,first,transpose,cw,7898835,18.080063,0.00091,N-t75d11xx_150,9642140
N-t75d11xx_150,first,exchange,random,6414355,33.475816,1.6e-05,N-t75d11xx_150,9642140
N-t75d11xx_150,first,exchange,cw,7898835,18.080063,0.000917,N-t75d11xx_150,9642140
N-t75d11xx_150,first,insert,random,6414340,33.475971,1.3e-05,N-t75d11xx_150,9642140
N-t75d11xx_150,first,insert,cw,7898835,18.080063,0.000908,N-t75d11xx_150,9642140
N-t75d11xx_150,best,transpose,random,6425652,33.358653,0.000315,N-t75d11xx_150,9642140
N-t75d11xx_150,best,transpose,cw,7901468,18.052756,0.001237,N-t75d11xx_150,9642140
N-t75d11xx_150,best,exchange,random,6603906,31.509955,0.030906,N-t75d11xx_150,9642140
N-t75d11xx_150,best,exchange,cw,8010755,16.919325,0.02984,N-t75d11xx_150,9642140
N-t75d11xx_150,best,insert,random,6551375,32.054762,0.053379,N-t75d11xx_150,9642140
N-t75d11xx_150,best,insert,cw,7968214,17.360524,0.054931,N-t75d11xx_150,9642140
N-be75np_250,first,transpose,random,12089431,32.135499,4e-05,N-be75np_250,17814072
N-be75np_250,first,transpose,cw,14785472,17.001166,0.004147,N-be75np_250,17814072
N-be75np_250,first,exchange,random,12089431,32.135499,1.5e-05,N-be75np_250,17814072
N-be75np_250,first,exchange,cw,14785585,17.000532,0.004161,N-be75np_250,17814072
N-be75np_250,first,insert,random,12089431,32.135499,1.6e-05,N-be75np_250,17814072
N-be75np_250,first,insert,cw,14785479,17.001127,0.006856,N-be75np_250,17814072
N-be75np_250,best,transpose,random,12091545,32.123632,0.002178,N-be75np_250,17814072
N-be75np_250,best,transpose,cw,14787261,16.991124,0.008424,N-be75np_250,17814072
N-be75np_250,best,exchange,random,12320568,30.838003,0.192802,N-be75np_250,17814072
N-be75np_250,best,exchange,cw,14882193,16.458219,0.201805,N-be75np_250,17814072
N-be75np_250,best,insert,random,12242355,31.277054,0.408152,N-be75np_250,17814072
N-be75np_250,best,insert,cw,14887586,16.427945,0.437542,N-be75np_250,17814072
N-t75n11xx_150,first,transpose,random,1102507,36.749997,1.7e-05,N-t75n11xx_150,1743094
N-t75n11xx_150,first,transpose,cw,1386957,20.431314,0.00095,N-t75n11xx_150,1743094
N-t75n11xx_150,first,exchange,random,1103081,36.717067,1.8e-05,N-t75n11xx_150,1743094
N-t75n11xx_150,first,exchange,cw,1387017,20.427871,0.000922,N-t75n11xx_150,1743094
N-t75n11xx_150,first,insert,random,1102647,36.741966,3.1e-05,N-t75n11xx_150,1743094
N-t75n11xx_150,first,insert,cw,1386936,20.432518,0.000927,N-t75n11xx_150,1743094
N-t75n11xx_150,best,transpose,random,1107084,36.487418,0.000339,N-t75n11xx_150,1743094
N-t75n11xx_150,best,transpose,cw,1387131,20.421331,0.00124,N-t75n11xx_150,1743094
N-t75n11xx_150,best,exchange,random,1147729,34.155645,0.031052,N-t75n11xx_150,1743094
N-t75n11xx_150,best,exchange,cw,1401103,19.619768,0.029931,N-t75n11xx_150,1743094
N-t75n11xx_150,best,insert,random,1130782,35.127882,0.055733,N-t75n11xx_150,1743094
N-t75n11xx_150,best,insert,cw,1401625,19.589821,0.055279,N-t75n11xx_150,1743094
N-t65d11xx_250,first,transpose,random,6486342,30.63994,2.7e-05,N-t65d11xx_250,9351696
N-t65d11xx_250,first,transpose,cw,7930971,15.192164,0.004207,N-t65d11xx_250,9351696
N-t65d11xx_250,first,exchange,random,6486342,30.63994,1.8e-05,N-t65d11xx_250,9351696
N-t65d11xx_250,first,exchange,cw,7930971,15.192164,0.006914,N-t65d11xx_250,9351696
N-t65d11xx_250,first,insert,random,6486342,30.63994,2.9e-05,N-t65d11xx_250,9351696
N-t65d11xx_250,first,insert,cw,7930971,15.192164,0.011029,N-t65d11xx_250,9351696
N-t65d11xx_250,best,transpose,random,6497657,30.518945,0.001734,N-t65d11xx_250,9351696
N-t65d11xx_250,best,transpose,cw,7931913,15.182091,0.006656,N-t65d11xx_250,9351696
N-t65d11xx_250,best,exchange,random,6586142,29.572753,0.188014,N-t65d11xx_250,9351696
N-t65d11xx_250,best,exchange,cw,7984332,14.621562,0.203135,N-t65d11xx_250,9351696
N-t65d11xx_250,best,insert,random,6539011,30.076737,0.408813,N-t65d11xx_250,9351696
N-t65d11xx_250,best,insert,cw,7972167,14.751645,0.4422,N-t65d11xx_250,9351696
N-t65f11xx_150,first,transpose,random,2064443,34.655588,1.7e-05,N-t65f11xx_150,3159326
N-t65f11xx_150,first,transpose,cw,2579693,18.34673,0.000938,N-t65f11xx_150,3159326
N-t65f11xx_150,first,exchange,random,2065976,34.607065,1.4e-05,N-t65f11xx_150,3159326
N-t65f11xx_150,first,exchange,cw,2579693,18.34673,0.000919,N-t65f11xx_150,3159326
N-t65f11xx_150,first,insert,random,2065367,34.626341,1.4e-05,N-t65f11xx_150,3159326
N-t65f11xx_150,first,insert,cw,2579693,18.34673,0.000919,N-t65f11xx_150,3159326
N-t65f11xx_150,best,transpose,random,2076493,34.274177,0.000323,N-t65f11xx_150,3159326
N-t65f11xx_150,best,transpose,cw,2580199,18.330714,0.001257,N-t65f11xx_150,3159326
N-t65f11xx_150,best,exchange,random,2118833,32.934018,0.029899,N-t65f11xx_150,3159326
N-t65f11xx_150,best,exchange,cw,2623673,16.954661,0.030061,N-t65f11xx_150,3159326
N-t65f11xx_150,best,insert,random,2101458,33.483977,0.057727,N-t65f11xx_150,3159326
N-t65f11xx_150,best,insert,cw,2610266,17.379023,0.056002,N-t65f11xx_150,3159326
N-tiw56r58_150,first,transpose,random,721907,40.793081,1.8e-05,N-tiw56r58_150,1219295
N-tiw56r58_150,first,transpose,cw,1003736,17.678987,0.000949,N-tiw56r58_150,1219295
N-tiw56r58_150,first,exchange,random,722101,40.77717,1.1e-05,N-tiw56r58_150,1219295
N-tiw56r58_150,first,exchange,cw,1003736,17.678987,0.000944,N-tiw56r58_150,1219295
N-tiw56r58_150,first,insert,random,722102,40.777088,9e-06,N-tiw56r58_150,1219295
N-tiw56r58_150,first,insert,cw,1003736,17.678987,0.000915,N-tiw56r58_150,1219295
N-tiw56r58_150,best,transpose,random,728214,40.275815,0.00033,N-tiw56r58_150,1219295
N-tiw56r58_150,best,transpose,cw,1003976,17.659303,0.001299,N-tiw56r58_150,1219295
N-tiw56r58_150,best,exchange,random,749519,38.528494,0.027173,N-tiw56r58_150,1219295
N-tiw56r58_150,best,exchange,cw,1015523,16.71228,0.035252,N-tiw56r58_150,1219295
N-tiw56r58_150,best,insert,random,740528,39.265887,0.060566,N-tiw56r58_150,1219295
N-tiw56r58_150,best,insert,cw,1011471,17.044604,0.063361,N-tiw56r58_150,1219295
N-t59f11xx_150,first,transpose,random,994260,35.593785,4.9e-05,N-t59f11xx_150,1543733
N-t59f11xx_150,first,transpose,cw,1249796,19.040663,0.001501,N-t59f11xx_150,1543733
N-t59f11xx_150,first,exchange,random,995983,35.482172,1.7e-05,N-t59f11xx_150,1543733
N-t59f11xx_150,first,exchange,cw,1253802,18.781162,0.001094,N-t59f11xx_150,1543733
N-t59f11xx_150,first,insert,random,995707,35.500051,1.6e-05,N-t59f11xx_150,1543733
N-t59f11xx_150,first,insert,cw,1249827,19.038655,0.001064,N-t59f11xx_150,1543733
N-t59f11xx_150,best,transpose,random,999374,35.26251,0.000373,N-t59f11xx_150,1543733
N-t59f11xx_150,best,transpose,cw,1249990,19.028096,0.001429,N-t59f11xx_150,1543733
N-t59f11xx_150,best,exchange,random,1023039,33.729537,0.029284,N-t59f11xx_150,1543733
N-t59f11xx_150,best,exchange,cw,1270919,17.672357,0.031114,N-t59f11xx_150,1543733
N-t59f11xx_150,best,insert,random,1016047,34.182465,0.060547,N-t59f11xx_150,1543733
N-t59f11xx_150,best,insert,cw,1264670,18.077155,0.063088,N-t59f11xx_150,1543733
N-tiw56r54_250,first,transpose,random,1689533,29.229744,4.7e-05,N-tiw56r54_250,2387349
N-tiw56r54_250,first,transpose,cw,1994962,16.436097,0.004872,N-tiw56r54_250,2387349
N-tiw56r54_250,first,exchange,random,1689379,29.236195,4.1e-05,N-tiw56r54_250,2387349
N-tiw56r54_250,first,exchange,cw,1994962,16.436097,0.004733,N-tiw56r54_250,2387349
N-tiw56r54_250,first,insert,random,1688950,29.254164,0.000784,N-tiw56r54_250,2387349
N-tiw56r54_250,first,insert,cw,1994962,16.436097,0.0048,N-tiw56r54_250,2387349
N-tiw56r54_250,best,transpose,random,1695091,28.996933,0.001712,N-tiw56r54_250,2387349
N-tiw56r54_250,best,transpose,cw,1994998,16.434589,0.007382,N-tiw56r54_250,2387349
N-tiw56r54_250,best,exchange,random,1709001,28.414279,0.207557,N-tiw56r54_250,2387349
N-tiw56r54_250,best,exchange,cw,2006983,15.932568,0.234159,N-tiw56r54_250,2387349
N-tiw56r54_250,best,insert,random,1701688,28.720602,0.416117,N-tiw56r54_250,2387349
N-tiw56r54_250,best,insert,cw,2003052,16.097228,0.431495,N-tiw56r54_250,2387349
N-t70b11xx_250,first,transpose,random,16494464,35.068949,1.8e-05,N-t70b11xx_250,25403045
N-t70b11xx_250,first,transpose,cw,21261615,16.302888,0.00484,N-t70b11xx_250,25403045
N-t70b11xx_250,first,exchange,random,16494464,35.068949,1.5e-05,N-t70b11xx_250,25403045
N-t70b11xx_250,first,exchange,cw,21261628,16.302837,0.00706,N-t70b11xx_250,25403045
N-t70b11xx_250,first,insert,random,16494464,35.068949,3.1e-05,N-t70b11xx_250,25403045
N-t70b11xx_250,first,insert,cw,21261626,16.302845,0.009961,N-t70b11xx_250,25403045
N-t70b11xx_250,best,transpose,random,16532027,34.921081,0.001753,N-t70b11xx_250,25403045
N-t70b11xx_250,best,transpose,cw,21262603,16.298999,0.006607,N-t70b11xx_250,25403045
N-t70b11xx_250,best,exchange,random,16811058,33.822666,0.191605,N-t70b11xx_250,25403045
N-t70b11xx_250,best,exchange,cw,21458633,15.52732,0.201015,N-t70b11xx_250,25403045
N-t70b11xx_250,best,insert,random,16674264,34.36116,0.411219,N-t70b11xx_250,25403045
N-t70b11xx_250,best,insert,cw,21435452,15.618572,0.43902,N-t70b11xx_250,25403045
N-t70d11xx_150,first,transpose,random,4105508,33.505189,1.6e-05,N-t70d11xx_150,6174178
N-t70d11xx_150,first,transpose,cw,5063785,17.984467,0.000956,N-t70d11xx_150,6174178
N-t70d11xx_150,first,exchange,random,4108388,33.458543,1.7e-05,N-t70d11xx_150,6174178
N-t70d11xx_150,first,exchange,cw,5063785,17.984467,0.000923,N-t70d11xx_150,6174178
N-t70d11xx_150,first,insert,random,4108630,33.454623,1.4e-05,N-t70d11xx_150,6174178
N-t70d11xx_150,first,insert,cw,5063785,17.984467,0.000908,N-t70d11xx_150,6174178
N-t70d11xx_150,best,transpose,random,4119823,33.273336,0.000334,N-t70d11xx_150,6174178
N-t70d11xx_150,best,transpose,cw,5065506,17.956593,0.001243,N-t70d11xx_150,6174178
N-t70d11xx_150,best,exchange,random,4224222,31.582439,0.031057,N-t70d11xx_150,6174178
N-t70d11xx_150,best,exchange,cw,5116756,17.126523,0.029506,N-t70d11xx_150,6174178
N-t70d11xx_150,best,insert,random,4184485,32.226039,0.055631,N-t70d11xx_150,6174178
N-t70d11xx_150,best,insert,cw,5106098,17.299145,0.057152,N-t70d11xx_150,6174178
N-tiw56n66_150,first,transpose,random,1249083,40.734877,1.4e-05,N-tiw56n66_150,2107619
N-tiw56n66_150,first,transpose,cw,1737379,17.566742,0.000947,N-tiw56n66_150,2107619
N-tiw56n66_150,first,exchange,random,1249798,40.700952,1e-05,N-tiw56n66_150,2107619
N-tiw56n66_150,first,exchange,cw,1737379,17.566742,0.000999,N-tiw56n66_150,2107619
N-tiw56n66_150,first,insert,random,1249798,40.700952,1e-05,N-tiw56n66_150,2107619
N-tiw56n66_150,first,insert,cw,1737379,17.566742,0.000906,N-tiw56n66_150,2107619
N-tiw56n66_150,best,transpose,random,1258355,40.294949,0.000318,N-tiw56n66_150,2107619
N-tiw56n66_150,best,transpose,cw,1737439,17.563896,0.001242,N-tiw56n66_150,2107619
N-tiw56n66_150,best,exchange,random,1293606,38.622398,0.029433,N-tiw56n66_150,2107619
N-tiw56n66_150,best,exchange,cw,1768961,16.068274,0.030114,N-tiw56n66_150,2107619
N-tiw56n66_150,best,insert,random,1275289,39.491483,0.057979,N-tiw56n66_150,2107619
N-tiw56n66_150,best,insert,cw,1755212,16.720622,0.055779,N-tiw56n66_150,2107619
N-tiw56r72_150,first,transpose,random,1666431,40.985346,1.5e-05,N-tiw56r72_150,2823758
N-tiw56r72_150,first,transpose,cw,2351889,16.710674,0.00095,N-tiw56r72_150,2823758
N-tiw56r72_150,first,exchange,random,1667652,40.942106,9e-06,N-tiw56r72_150,2823758
N-tiw56r72_150,first,exchange,cw,2351987,16.707204,0.000926,N-tiw56r72_150,2823758
N-tiw56r72_150,first,insert,random,1667652,40.942106,1e-05,N-tiw56r72_150,2823758
N-tiw56r72_150,first,insert,cw,2351788,16.714251,0.000926,N-tiw56r72_150,2823758
N-tiw56r72_150,best,transpose,random,1675029,40.680859,0.000323,N-tiw56r72_150,2823758
N-tiw56r72_150,best,transpose,cw,2353295,16.660882,0.001256,N-tiw56r72_150,2823758
N-tiw56r72_150,best,exchange,random,1747319,38.120795,0.031392,N-tiw56r72_150,2823758
N-tiw56r72_150,best,exchange,cw,2379121,15.746286,0.029549,N-tiw56r72_150,2823758
N-tiw56r72_150,best,insert,random,1713909,39.30397,0.053965,N-tiw56r72_150,2823758
N-tiw56r72_150,best,insert,cw,2369857,16.074359,0.056044,N-tiw56r72_150,2823758
N-tiw56n67_250,first,transpose,random,4359390,31.075291,4.8e-05,N-tiw56n67_250,6324858
N-tiw56n67_250,first,transpose,cw,5274687,16.603867,0.004177,N-tiw56n67_250,6324858
N-tiw56n67_250,first,exchange,random,4322957,31.651319,2.8e-05,N-tiw56n67_250,6324858
N-tiw56n67_250,first,exchange,cw,5279977,16.520229,0.004352,N-tiw56n67_250,6324858
N-tiw56n67_250,first,insert,random,4322983,31.650908,2.5e-05,N-tiw56n67_250,6324858
N-tiw56n67_250,first,insert,cw,5274702,16.60363,0.007073,N-tiw56n67_250,6324858
N-tiw56n67_250,best,transpose,random,4359390,31.075291,0.003581,N-tiw56n67_250,6324858
N-tiw56n67_250,best,transpose,cw,5275714,16.587629,0.00694,N-tiw56n67_250,6324858
N-tiw56n67_250,best,exchange,random,4417818,30.151507,0.190449,N-tiw56n67_250,6324858
N-tiw56n67_250,best,exchange,cw,5327846,15.763389,0.201689,N-tiw56n67_250,6324858
N-tiw56n67_250,best,insert,random,4381874,30.719804,0.410228,N-tiw56n67_250,6324858
N-tiw56n67_250,best,insert,cw,5320318,15.882412,0.441103,N-tiw56n67_250,6324858
N-t70d11xn_150,first,transpose,random,3831335,34.227668,1.5e-05,N-t70d11xn_150,5825147
N-t70d11xn_150,first,transpose,cw,4846481,16.800709,0.000909,N-t70d11xn_150,5825147
N-t70d11xn_150,first,exchange,random,3834938,34.165816,1.4e-05,N-t70d11xn_150,5825147
N-t70d11xn_150,first,exchange,cw,4846481,16.800709,0.000913,N-t70d11xn_150,5825147
N-t70d11xn_150,first,insert,random,3834082,34.180511,1.4e-05,N-t70d11xn_150,5825147
N-t70d11xn_150,first,insert,cw,4846481,16.800709,0.000904,N-t70d11xn_150,5825147
N-t70d11xn_150,best,transpose,random,3848780,33.928191,0.000315,N-t70d11xn_150,5825147
N-t70d11xn_150,best,transpose,cw,4847496,16.783285,0.001279,N-t70d11xn_150,5825147
N-t70d11xn_150,best,exchange,random,3927102,32.583641,0.030659,N-t70d11xn_150,5825147
N-t70d11xn_150,best,exchange,cw,4897694,15.921538,0.029722,N-t70d11xn_150,5825147
N-t70d11xn_150,best,insert,random,3897716,33.088109,0.054397,N-t70d11xn_150,5825147
N-t70d11xn_150,best,insert,cw,4891553,16.02696,0.055592,N-t70d11xn_150,5825147
N-tiw56n62_150,first,transpose,random,967017,40.561527,1.3e-05,N-tiw56n62_150,1626921
N-tiw56n62_150,first,transpose,cw,1354440,16.748263,0.000968,N-tiw56n62_150,1626921
N-tiw56n62_150,first,exchange,random,967540,40.52938,1e-05,N-tiw56n62_150,1626921
N-tiw56n62_150,first,exchange,cw,1354440,16.748263,0.000942,N-tiw56n62_150,1626921
N-tiw56n62_150,first,insert,random,967541,40.529319,1e-05,N-tiw56n62_150,1626921
N-tiw56n62_150,first,insert,cw,1354440,16.748263,0.000915,N-tiw56n62_150,1626921
N-tiw56n62_150,best,transpose,random,973433,40.167162,0.000339,N-tiw56n62_150,1626921
N-tiw56n62_150,best,transpose,cw,1354645,16.735662,0.001375,N-tiw56n62_150,1626921
N-tiw56n62_150,best,exchange,random,1001773,38.425222,0.030692,N-tiw56n62_150,1626921
N-tiw56n62_150,best,exchange,cw,1368648,15.874956,0.030035,N-tiw56n62_150,1626921
N-tiw56n62_150,best,insert,random,988927,39.214811,0.053655,N-tiw56n62_150,1626921
N-tiw56n62_150,best,insert,cw,1369018,15.852214,0.05623,N-tiw56n62_150,1626921
N-t65b11xx_150,first,transpose,random,4098718,36.491755,1.6e-05,N-t65b11xx_150,6453836
N-t65b11xx_150,first,transpose,cw,5308301,17.749676,0.000935,N-t65b11xx_150,6453836
N-t65b11xx_150,first,exchange,random,4102263,36.436826,1.4e-05,N-t65b11xx_150,6453836
N-t65b11xx_150,first,exchange,cw,5307980,17.75465,0.000919,N-t65b11xx_150,6453836
N-t65b11xx_150,first,insert,random,4101438,36.449609,1.4e-05,N-t65b11xx_150,6453836
N-t65b11xx_150,first,insert,cw,5321935,17.538422,0.000919,N-t65b11xx_150,6453836
N-t65b11xx_150,best,transpose,random,4129720,36.011389,0.000332,N-t65b11xx_150,6453836
N-t65b11xx_150,best,transpose,cw,5309184,17.735995,0.001269,N-t65b11xx_150,6453836
N-t65b11xx_150,best,exchange,random,4299064,33.387461,0.030781,N-t65b11xx_150,6453836
N-t65b11xx_150,best,exchange,cw,5381876,16.609657,0.029498,N-t65b11xx_150,6453836
N-t65b11xx_150,best,insert,random,4210648,34.757437,0.054349,N-t65b11xx_150,6453836
N-t65b11xx_150,best,insert,cw,5351916,17.073877,0.055217,N-t65b11xx_150,6453836
N-t75e11xx_250,first,transpose,random,70523425,34.012477,2.9e-05,N-t75e11xx_250,106873878
N-t75e11xx_250,first,transpose,cw,88756547,16.952067,0.004147,N-t75e11xx_250,106873878
N-t75e11xx_250,first,exchange,random,70523425,34.012477,1.6e-05,N-t75e11xx_250,106873878
N-t75e11xx_250,first,exchange,cw,88756547,16.952067,0.004183,N-t75e11xx_250,106873878
N-t75e11xx_250,first,insert,random,70523425,34.012477,2.4e-05,N-t75e11xx_250,106873878
N-t75e11xx_250,first,insert,cw,88756547,16.952067,0.007501,N-t75e11xx_250,106873878
N-t75e11xx_250,best,transpose,random,70709753,33.838133,0.00199,N-t75e11xx_250,106873878
N-t75e11xx_250,best,transpose,cw,88787121,16.923459,0.008432,N-t75e11xx_250,106873878
N-t75e11xx_250,best,exchange,random,71863036,32.759026,0.193277,N-t75e11xx_250,106873878
N-t75e11xx_250,best,exchange,cw,89318089,16.426642,0.206196,N-t75e11xx_250,106873878
N-t75e11xx_250,best,insert,random,71287989,33.297088,0.410717,N-t75e11xx_250,106873878
N-t75e11xx_250,best,insert,cw,89193894,16.542849,0.43865,N-t75e11xx_250,106873878
N-tiw56n62_250,first,transpose,random,2947784,28.844667,6e-05,N-tiw56n62_250,4142745
N-tiw56n62_250,first,transpose,cw,3478473,16.034586,0.004249,N-tiw56n62_250,4142745
N-tiw56n62_250,first,exchange,random,2947117,28.860767,2.7e-05,N-tiw56n62_250,4142745
N-tiw56n62_250,first,exchange,cw,3478689,16.029372,0.004347,N-tiw56n62_250,4142745
N-tiw56n62_250,first,insert,random,2947144,28.860116,3e-05,N-tiw56n62_250,4142745
N-tiw56n62_250,first,insert,cw,3478692,16.029299,0.007267,N-tiw56n62_250,4142745
N-tiw56n62_250,best,transpose,random,2953567,28.705074,0.003383,N-tiw56n62_250,4142745
N-tiw56n62_250,best,transpose,cw,3478721,16.028599,0.0066,N-tiw56n62_250,4142745
N-tiw56n62_250,best,exchange,random,2979364,28.082371,0.194232,N-tiw56n62_250,4142745
N-tiw56n62_250,best,exchange,cw,3497523,15.574746,0.200268,N-tiw56n62_250,4142745
N-tiw56n62_250,best,insert,random,2968208,28.351661,0.408157,N-tiw56n62_250,4142745
N-tiw56n62_250,best,insert,cw,3493403,15.674197,0.434606,N-tiw56n62_250,4142745
N-t70b11xx_150,first,transpose,random,6134306,36.413803,1.7e-05,N-t70b11xx_150,9647229
N-t70b11xx_150,first,transpose,cw,7864770,18.476383,0.000982,N-t70b11xx_150,9647229
N-t70b11xx_150,first,exchange,random,6141218,36.342156,1.4e-05,N-t70b11xx_150,9647229
N-t70b11xx_150,first,exchange,cw,7864733,18.476767,0.000925,N-t70b11xx_150,9647229
N-t70b11xx_150,first,insert,random,6140023,36.354543,1.4e-05,N-t70b11xx_150,9647229
N-t70b11xx_150,first,insert,cw,7864376,18.480467,0.000913,N-t70b11xx_150,9647229
N-t70b11xx_150,best,transpose,random,6167330,36.071487,0.000322,N-t70b11xx_150,9647229
N-t70b11xx_150,best,transpose,cw,7866066,18.462949,0.001254,N-t70b11xx_150,9647229
N-t70b11xx_150,best,exchange,random,6333444,34.349604,0.03088,N-t70b11xx_150,9647229
N-t70b11xx_150,best,exchange,cw,7991764,17.160005,0.029633,N-t70b11xx_150,9647229
N-t70b11xx_150,best,insert,random,6253571,35.177542,0.054292,N-t70b11xx_150,9647229
N-t70b11xx_150,best,insert,cw,7955555,17.535336,0.054991,N-t70b11xx_150,9647229
N-t70n11xx_150,first,transpose,random,593947,37.407644,1.6e-05,N-t70n11xx_150,948913
N-t70n11xx_150,first,transpose,cw,752973,20.64889,0.000955,N-t70n11xx_150,948913
N-t70n11xx_150,first,exchange,random,593933,37.40912,1.4e-05,N-t70n11xx_150,948913
N-t70n11xx_150,first,exchange,cw,753014,20.644569,0.000916,N-t70n11xx_150,948913
N-t70n11xx_150,first,insert,random,593975,37.404694,2.8e-05,N-t70n11xx_150,948913
N-t70n11xx_150,first,insert,cw,752946,20.651735,0.000913,N-t70n11xx_150,948913
N-t70n11xx_150,best,transpose,random,596768,37.110357,0.000341,N-t70n11xx_150,948913
N-t70n11xx_150,best,transpose,cw,753096,20.635928,0.001241,N-t70n11xx_150,948913
N-t70n11xx_150,best,exchange,random,611530,35.554682,0.031244,N-t70n11xx_150,948913
N-t70n11xx_150,best,exchange,cw,762003,19.697275,0.029936,N-t70n11xx_150,948913
N-t70n11xx_150,best,insert,random,607553,35.973793,0.053778,N-t70n11xx_150,948913
N-t70n11xx_150,best,insert,cw,759173,19.995511,0.055959,N-t70n11xx_150,948913
N-be75tot_150,first,transpose,random,7469131,39.214607,1.1e-05,N-be75tot_150,12287707
N-be75tot_150,first,transpose,cw,9901980,19.415559,0.000922,N-be75tot_150,12287707
N-be75tot_150,first,exchange,random,7469920,39.208186,1.2e-05,N-be75tot_150,12287707
N-be75tot_150,first,exchange,cw,9903102,19.406428,0.000908,N-be75tot_150,12287707
N-be75tot_150,first,insert,random,7477897,39.143267,1.8e-05,N-be75tot_150,12287707
N-be75tot_150,first,insert,cw,9902475,19.411531,0.000907,N-be75tot_150,12287707
N-be75tot_150,best,transpose,random,7472492,39.187254,0.000342,N-be75tot_150,12287707
N-be75tot_150,best,transpose,cw,9902839,19.408568,0.001247,N-be75tot_150,12287707
N-be75tot_150,best,exchange,random,7762770,36.82491,0.030684,N-be75tot_150,12287707
N-be75tot_150,best,exchange,cw,10067965,18.064737,0.029941,N-be75tot_150,12287707
N-be75tot_150,best,insert,random,7648741,37.752902,0.054119,N-be75tot_150,12287707
N-be75tot_150,best,insert,cw,10009070,18.544038,0.056386,N-be75tot_150,12287707
N-tiw56r72_250,first,transpose,random,5217956,29.975164,3.9e-05,N-tiw56r72_250,7451579
N-tiw56r72_250,first,transpose,cw,6263348,15.94603,0.004179,N-tiw56r72_250,7451579
N-tiw56r72_250,first,exchange,random,5193062,30.30924,2.8e-05,N-tiw56r72_250,7451579
N-tiw56r72_250,first,exchange,cw,6263348,15.94603,0.004271,N-tiw56r72_250,7451579
N-tiw56r72_250,first,insert,random,5193101,30.308717,3.4e-05,N-tiw56r72_250,7451579
N-tiw56r72_250,first,insert,cw,6263348,15.94603,0.007459,N-tiw56r72_250,7451579
N-tiw56r72_250,best,transpose,random,5217956,29.975164,0.003446,N-tiw56r72_250,7451579
N-tiw56r72_250,best,transpose,cw,6263785,15.940165,0.006623,N-tiw56r72_250,7451579
N-tiw56r72_250,best,exchange,random,5278895,29.157364,0.188536,N-tiw56r72_250,7451579
N-tiw56r72_250,best,exchange,cw,6309211,15.330549,0.20123,N-tiw56r72_250,7451579
N-tiw56r72_250,best,insert,random,5246720,29.589152,0.413122,N-tiw56r72_250,7451579
N-tiw56r72_250,best,insert,cw,6296446,15.501855,0.440646,N-tiw56r72_250,7451579
N-be75oi_150,first,transpose,random,1171939,47.833463,1.4e-05,N-be75oi_150,2246534
N-be75oi_150,first,transpose,cw,1932597,13.974282,0.000924,N-be75oi_150,2246534
N-be75oi_150,first,exchange,random,1173729,47.753784,3.2e-05,N-be75oi_150,2246534
N-be75oi_150,first,exchange,cw,1932597,13.974282,0.000904,N-be75oi_150,2246534
N-be75oi_150,first,insert,random,1173355,47.770432,0.000579,N-be75oi_150,2246534
N-be75oi_150,first,insert,cw,1932597,13.974282,0.000909,N-be75oi_150,2246534
N-be75oi_150,best,transpose,random,1174051,47.739451,0.000347,N-be75oi_150,2246534
N-be75oi_150,best,transpose,cw,1933424,13.93747,0.001255,N-be75oi_150,2246534
N-be75oi_150,best,exchange,random,1359099,39.502407,0.030654,N-be75oi_150,2246534
N-be75oi_150,best,exchange,cw,1959275,12.786764,0.02973,N-be75oi_150,2246534
N-be75oi_150,best,insert,random,1301431,42.069383,0.054191,N-be75oi_150,2246534
N-be75oi_150,best,insert,cw,1952686,13.08006,0.055268,N-be75oi_150,2246534
N-tiw56r66_250,first,transpose,random,3523360,28.798197,3.6e-05,N-tiw56r66_250,4948414
N-tiw56r66_250,first,transpose,cw,4124804,16.643919,0.004216,N-tiw56r66_250,4948414
N-tiw56r66_250,first,exchange,random,3522143,28.82279,2.2e-05,N-tiw56r66_250,4948414
N-tiw56r66_250,first,exchange,cw,4124804,16.643919,0.004195,N-tiw56r66_250,4948414
N-tiw56r66_250,first,insert,random,3522179,28.822063,2.3e-05,N-tiw56r66_250,4948414
N-tiw56r66_250,first,insert,cw,4124804,16.643919,0.006805,N-tiw56r66_250,4948414
N-tiw56r66_250,best,transpose,random,3529751,28.669044,0.002222,N-tiw56r66_250,4948414
N-tiw56r66_250,best,transpose,cw,4125213,16.635653,0.00849,N-tiw56r66_250,4948414
N-tiw56r66_250,best,exchange,random,3564410,27.968638,0.192127,N-tiw56r66_250,4948414
N-tiw56r66_250,best,exchange,cw,4148773,16.159541,0.211693,N-tiw56r66_250,4948414
N-tiw56r66_250,best,insert,random,3548188,28.29646,0.409804,N-tiw56r66_250,4948414
N-tiw56r66_250,best,insert,cw,4141836,16.299728,0.452197,N-tiw56r66_250,4948414
N-tiw56n54_150,first,transpose,random,497966,40.572949,1.4e-05,N-tiw56n54_150,837945
N-tiw56n54_150,first,transpose,cw,695269,17.026893,0.00094,N-tiw56n54_150,837945
N-tiw56n54_150,first,exchange,random,498126,40.553855,9e-06,N-tiw56n54_150,837945
N-tiw56n54_150,first,exchange,cw,695509,16.998252,0.000955,N-tiw56n54_150,837945
N-tiw56n54_150,first,insert,random,498127,40.553736,1e-05,N-tiw56n54_150,837945
N-tiw56n54_150,first,insert,cw,697157,16.80158,0.00128,N-tiw56n54_150,837945
N-tiw56n54_150,best,transpose,random,500650,40.252642,0.000336,N-tiw56n54_150,837945
N-tiw56n54_150,best,transpose,cw,695331,17.019494,0.001232,N-tiw56n54_150,837945
N-tiw56n54_150,best,exchange,random,517882,38.196182,0.033789,N-tiw56n54_150,837945
N-tiw56n54_150,best,exchange,cw,702852,16.121941,0.029874,N-tiw56n54_150,837945
N-tiw56n54_150,best,insert,random,512268,38.866155,0.053965,N-tiw56n54_150,837945
N-tiw56n54_150,best,insert,cw,701306,16.30644,0.055128,N-tiw56n54_150,837945
N-stabu1_250,first,transpose,random,5116896,33.911101,2.5e-05,N-stabu1_250,7742444
N-stabu1_250,first,transpose,cw,6524542,15.730201,0.004272,N-stabu1_250,7742444
N-stabu1_250,first,exchange,random,5116896,33.911101,1.7e-05,N-stabu1_250,7742444
N-stabu1_250,first,exchange,cw,6524542,15.730201,0.004556,N-stabu1_250,7742444
N-stabu1_250,first,insert,random,5116896,33.911101,2e-05,N-stabu1_250,7742444
N-stabu1_250,first,insert,cw,6524542,15.730201,0.007822,N-stabu1_250,7742444
N-stabu1_250,best,transpose,random,5118192,33.894362,0.002601,N-stabu1_250,7742444
N-stabu1_250,best,transpose,cw,6524747,15.727553,0.006762,N-stabu1_250,7742444
N-stabu1_250,best,exchange,random,5235107,32.384309,0.191954,N-stabu1_250,7742444
N-stabu1_250,best,exchange,cw,6587415,14.918145,0.218352,N-stabu1_250,7742444
N-stabu1_250,best,insert,random,5187968,32.993148,0.409376,N-stabu1_250,7742444
N-stabu1_250,best,insert,cw,6581609,14.993134,0.459159,N-stabu1_250,7742444
N-t65f11xx_250,first,transpose,random,5704273,32.169242,5.5e-05,N-t65f11xx_250,8409567
N-t65f11xx_250,first,transpose,cw,6993768,16.835575,0.004219,N-t65f11xx_250,8409567
N-t65f11xx_250,first,exchange,random,5704550,32.165949,2.3e-05,N-t65f11xx_250,8409567
N-t65f11xx_250,first,exchange,cw,6994408,16.827965,0.006704,N-t65f11xx_250,8409567
N-t65f11xx_250,first,insert,random,5704466,32.166947,3.7e-05,N-t65f11xx_250,8409567
N-t65f11xx_250,first,insert,cw,6993934,16.833602,0.01039,N-t65f11xx_250,8409567
N-t65f11xx_250,best,transpose,random,5719117,31.992729,0.002049,N-t65f11xx_250,8409567
N-t65f11xx_250,best,transpose,cw,6994759,16.823791,0.008394,N-t65f11xx_250,8409567
N-t65f11xx_250,best,exchange,random,5810499,30.906086,0.193279,N-t65f11xx_250,8409567
N-t65f11xx_250,best,exchange,cw,7036118,16.331982,0.205583,N-t65f11xx_250,8409567
N-t65f11xx_250,best,insert,random,5767329,31.41943,0.409441,N-t65f11xx_250,8409567
N-t65f11xx_250,best,insert,cw,7022143,16.498162,0.447416,N-t65f11xx_250,8409567
N-t70n11xx_250,first,transpose,random,1625962,33.481891,2.4e-05,N-t70n11xx_250,2444390
N-t70n11xx_250,first,transpose,cw,2007614,17.868507,0.004246,N-t70n11xx_250,2444390
N-t70n11xx_250,first,exchange,random,1625962,33.481891,2.3e-05,N-t70n11xx_250,2444390
N-t70n11xx_250,first,exchange,cw,2007614,17.868507,0.004187,N-t70n11xx_250,2444390
N-t70n11xx_250,first,insert,random,1625962,33.481891,1.6e-05,N-t70n11xx_250,2444390
N-t70n11xx_250,first,insert,cw,2007614,17.868507,0.00422,N-t70n11xx_250,2444390
N-t70n11xx_250,best,transpose,random,1630174,33.309578,0.001594,N-t70n11xx_250,2444390
N-t70n11xx_250,best,transpose,cw,2007782,17.861634,0.00597,N-t70n11xx_250,2444390
N-t70n11xx_250,best,exchange,random,1657499,32.191712,0.246571,N-t70n11xx_250,2444390
N-t70n11xx_250,best,exchange,cw,2021524,17.299449,0.251442,N-t70n11xx_250,2444390
N-t70n11xx_250,best,insert,random,1643616,32.759666,0.463198,N-t70n11xx_250,2444390
N-t70n11xx_250,best,insert,cw,2018567,17.42042,0.457094,N-t70n11xx_250,2444390
N-t59n11xx_150,first,transpose,random,203878,36.080386,1.6e-05,N-t59n11xx_150,318960
N-t59n11xx_150,first,transpose,cw,253729,20.451154,0.000907,N-t59n11xx_150,318960
N-t59n11xx_150,first,exchange,random,204259,35.960936,1.5e-05,N-t59n11xx_150,318960
N-t59n11xx_150,first,exchange,cw,253721,20.453662,0.0009,N-t59n11xx_150,318960
N-t59n11xx_150,first,insert,random,204225,35.971595,1.5e-05,N-t59n11xx_150,318960
N-t59n11xx_150,first,insert,cw,253778,20.435791,0.00096,N-t59n11xx_150,318960
N-t59n11xx_150,best,transpose,random,204938,35.748056,0.000335,N-t59n11xx_150,318960
N-t59n11xx_150,best,transpose,cw,253756,20.442689,0.001239,N-t59n11xx_150,318960
N-t59n11xx_150,best,exchange,random,210132,34.119639,0.031198,N-t59n11xx_150,318960
N-t59n11xx_150,best,exchange,cw,257380,19.306496,0.029854,N-t59n11xx_150,318960
N-t59n11xx_150,best,insert,random,208305,34.692438,0.054854,N-t59n11xx_150,318960
N-t59n11xx_150,best,insert,cw,256469,19.592112,0.05515,N-t59n11xx_150,318960
N-t70d11xx_250,first,transpose,random,11020832,31.29403,3.2e-05,N-t70d11xx_250,16040574
N-t70d11xx_250,first,transpose,cw,13433276,16.254393,0.004153,N-t70d11xx_250,16040574
N-t70d11xx_250,first,exchange,random,11020429,31.296542,3.7e-05,N-t70d11xx_250,16040574
N-t70d11xx_250,first,exchange,cw,13433055,16.255771,0.004441,N-t70d11xx_250,16040574
N-t70d11xx_250,first,insert,random,11020605,31.295445,5.2e-05,N-t70d11xx_250,16040574
N-t70d11xx_250,first,insert,cw,13433933,16.250298,0.011295,N-t70d11xx_250,16040574
N-t70d11xx_250,best,transpose,random,11035219,31.204338,0.001774,N-t70d11xx_250,16040574
N-t70d11xx_250,best,transpose,cw,13434169,16.248826,0.006655,N-t70d11xx_250,16040574
N-t70d11xx_250,best,exchange,random,11187928,30.252321,0.187209,N-t70d11xx_250,16040574
N-t70d11xx_250,best,exchange,cw,13524335,15.686714,0.204498,N-t70d11xx_250,16040574
N-t70d11xx_250,best,insert,random,11122711,30.658897,0.452146,N-t70d11xx_250,16040574
N-t70d11xx_250,best,insert,cw,13497497,15.854027,0.458843,N-t70d11xx_250,16040574
N-t74d11xx_250,first,transpose,random,16799164,31.236217,4.7e-05,N-t74d11xx_250,24430250
N-t74d11xx_250,first,transpose,cw,20244067,17.135244,0.004177,N-t74d11xx_250,24430250
N-t74d11xx_250,first,exchange,random,16798578,31.238616,2.3e-05,N-t74d11xx_250,24430250
N-t74d11xx_250,first,exchange,cw,20244067,17.135244,0.004639,N-t74d11xx_250,24430250
N-t74d11xx_250,first,insert,random,16798737,31.237965,6.4e-05,N-t74d11xx_250,24430250
N-t74d11xx_250,first,insert,cw,20244067,17.135244,0.007488,N-t74d11xx_250,24430250
N-t74d11xx_250,best,transpose,random,16819820,31.151666,0.003314,N-t74d11xx_250,24430250
N-t74d11xx_250,best,transpose,cw,20245291,17.130234,0.006668,N-t74d11xx_250,24430250
N-t74d11xx_250,best,exchange,random,17042990,30.238168,0.191826,N-t74d11xx_250,24430250
N-t74d11xx_250,best,exchange,cw,20413548,16.44151,0.204303,N-t74d11xx_250,24430250
N-t74d11xx_250,best,insert,random,16946757,30.632077,0.408471,N-t74d11xx_250,24430250
N-t74d11xx_250,best,insert,cw,20357068,16.672699,0.470189,N-t74d11xx_250,24430250
N-t69r11xx_150,first,transpose,random,7370420,37.833614,2.6e-05,N-t69r11xx_150,11855957
N-t69r11xx_150,first,transpose,cw,9407505,20.651661,0.001094,N-t69r11xx_150,11855957
N-t69r11xx_150,first,exchange,random,7370668,37.831522,1.1e-05,N-t69r11xx_150,11855957
N-t69r11xx_150,first,exchange,cw,9414598,20.591834,0.001056,N-t69r11xx_150,11855957
N-t69r11xx_150,first,insert,random,7370668,37.831522,1e-05,N-t69r11xx_150,11855957
N-t69r11xx_150,first,insert,cw,9413338,20.602462,0.00105,N-t69r11xx_150,11855957
N-t69r11xx_150,best,transpose,random,7409605,37.503105,0.000385,N-t69r11xx_150,11855957
N-t69r11xx_150,best,transpose,cw,9411867,20.614869,0.001431,N-t69r11xx_150,11855957
N-t69r11xx_150,best,exchange,random,7727208,34.824258,0.029257,N-t69r11xx_150,11855957
N-t69r11xx_150,best,exchange,cw,9552475,19.4289,0.030134,N-t69r11xx_150,11855957
N-t69r11xx_150,best,insert,random,7624473,35.690784,0.060255,N-t69r11xx_150,11855957
N-t69r11xx_150,best,insert,cw,9496917,19.897508,0.063077,N-t69r11xx_150,11855957
N-t70f11xx_150,first,transpose,random,3360721,34.744511,1.6e-05,N-t70f11xx_150,5150097
N-t70f11xx_150,first,transpose,cw,4190124,18.639901,0.00105,N-t70f11xx_150,5150097
N-t70f11xx_150,first,exchange,random,3362431,34.711307,1.7e-05,N-t70f11xx_150,5150097
N-t70f11xx_150,first,exchange,cw,4190124,18.639901,0.001049,N-t70f11xx_150,5150097
N-t70f11xx_150,first,insert,random,3362661,34.706841,1.5e-05,N-t70f11xx_150,5150097
N-t70f11xx_150,first,insert,cw,4190124,18.639901,0.001045,N-t70f11xx_150,5150097
N-t70f11xx_150,best,transpose,random,3377198,34.424575,0.000368,N-t70f11xx_150,5150097
N-t70f11xx_150,best,transpose,cw,4190124,18.639901,0.001426,N-t70f11xx_150,5150097
N-t70f11xx_150,best,exchange,random,3449308,33.024407,0.029153,N-t70f11xx_150,5150097
N-t70f11xx_150,best,exchange,cw,4242957,17.614037,0.029974,N-t70f11xx_150,5150097
N-t70f11xx_150,best,insert,random,3426846,33.460554,0.053469,N-t70f11xx_150,5150097
N-t70f11xx_150,best,insert,cw,4225099,17.960788,0.055259,N-t70f11xx_150,5150097
N-t74d11xx_150,first,transpose,random,6259135,33.385423,1.4e-05,N-t74d11xx_150,9396044
N-t74d11xx_150,first,transpose,cw,7757012,17.443852,0.000941,N-t74d11xx_150,9396044
N-t74d11xx_150,first,exchange,random,6264574,33.327537,1.6e-05,N-t74d11xx_150,9396044
N-t74d11xx_150,first,exchange,cw,7757012,17.443852,0.000914,N-t74d11xx_150,9396044
N-t74d11xx_150,first,insert,random,6264176,33.331772,1.3e-05,N-t74d11xx_150,9396044
N-t74d11xx_150,first,insert,cw,7757012,17.443852,0.000905,N-t74d11xx_150,9396044
N-t74d11xx_150,best,transpose,random,6274684,33.219938,0.00032,N-t74d11xx_150,9396044
N-t74d11xx_150,best,transpose,cw,7772219,17.282007,0.00125,N-t74d11xx_150,9396044
N-t74d11xx_150,best,exchange,random,6445609,31.400821,0.030482,N-t74d11xx_150,9396044
N-t74d11xx_150,best,exchange,cw,7856670,16.383214,0.029803,N-t74d11xx_150,9396044
N-t74d11xx_150,best,insert,random,6398521,31.901969,0.054,N-t74d11xx_150,9396044
N-t74d11xx_150,best,insert,cw,7823456,16.736703,0.05539,N-t74d11xx_150,9396044
N-t59n11xx_250,first,transpose,random,557102,32.522214,2.8e-05,N-t59n11xx_250,825608
N-t59n11xx_250,first,transpose,cw,679309,17.720153,0.004189,N-t59n11xx_250,825608
N-t59n11xx_250,first,exchange,random,557130,32.518822,2.2e-05,N-t59n11xx_250,825608
N-t59n11xx_250,first,exchange,cw,679302,17.721001,0.004159,N-t59n11xx_250,825608
N-t59n11xx_250,first,insert,random,557116,32.520518,2.2e-05,N-t59n11xx_250,825608
N-t59n11xx_250,first,insert,cw,679309,17.720153,0.01087,N-t59n11xx_250,825608
N-t59n11xx_250,best,transpose,random,558542,32.347797,0.001992,N-t59n11xx_250,825608
N-t59n11xx_250,best,transpose,cw,679375,17.712159,0.006665,N-t59n11xx_250,825608
N-t59n11xx_250,best,exchange,random,566360,31.400859,0.191804,N-t59n11xx_250,825608
N-t59n11xx_250,best,exchange,cw,683426,17.22149,0.232858,N-t59n11xx_250,825608
N-t59n11xx_250,best,insert,random,563003,31.807468,0.441523,N-t59n11xx_250,825608
N-t59n11xx_250,best,insert,cw,681732,17.426672,0.437499,N-t59n11xx_250,825608
N-be75eec_150,first,transpose,random,2062850,40.770833,1.1e-05,N-be75eec_150,3482828
N-be75eec_150,first,transpose,cw,2782854,20.097863,0.000936,N-be75eec_150,3482828
N-be75eec_150,first,exchange,random,2062875,40.770116,1.5e-05,N-be75eec_150,3482828
N-be75eec_150,first,exchange,cw,2782854,20.097863,0.000914,N-be75eec_150,3482828
N-be75eec_150,first,insert,random,2064483,40.723946,2.1e-05,N-be75eec_150,3482828
N-be75eec_150,first,insert,cw,2783450,20.08075,0.000916,N-be75eec_150,3482828
N-be75eec_150,best,transpose,random,2064747,40.716366,0.000342,N-be75eec_150,3482828
N-be75eec_150,best,transpose,cw,2783129,20.089967,0.001234,N-be75eec_150,3482828
N-be75eec_150,best,exchange,random,2191885,37.065942,0.03081,N-be75eec_150,3482828
N-be75eec_150,best,exchange,cw,2864128,17.7643,0.02962,N-be75eec_150,3482828
N-be75eec_150,best,insert,random,2137807,38.618646,0.053835,N-be75eec_150,3482828
N-be75eec_150,best,insert,cw,2850131,18.166186,0.055519,N-be75eec_150,3482828
N-be75np_150,first,transpose,random,4374361,39.02756,1.1e-05,N-be75np_150,7174325
N-be75np_150,first,transpose,cw,6058919,15.547191,0.000935,N-be75np_150,7174325
N-be75np_150,first,exchange,random,4375270,39.01489,1.2e-05,N-be75np_150,7174325
N-be75np_150,first,exchange,cw,6059293,15.541978,0.00098,N-be75np_150,7174325
N-be75np_150,first,insert,random,4383908,38.894488,1.8e-05,N-be75np_150,7174325
N-be75np_150,first,insert,cw,6059289,15.542034,0.000918,N-be75np_150,7174325
N-be75np_150,best,transpose,random,4377349,38.985912,0.000316,N-be75np_150,7174325
N-be75np_150,best,transpose,cw,6060845,15.520345,0.001239,N-be75np_150,7174325
N-be75np_150,best,exchange,random,4582841,36.121642,0.03117,N-be75np_150,7174325
N-be75np_150,best,exchange,cw,6102394,14.94121,0.029917,N-be75np_150,7174325
N-be75np_150,best,insert,random,4512729,37.098905,0.056022,N-be75np_150,7174325
N-be75np_150,best,insert,cw,6117806,14.726389,0.055987,N-be75np_150,7174325
N-t65n11xx_250,first,transpose,random,955123,33.178369,1.7e-05,N-t65n11xx_250,1429362
N-t65n11xx_250,first,transpose,cw,1184978,17.097418,0.004289,N-t65n11xx_250,1429362
N-t65n11xx_250,first,exchange,random,955123,33.178369,2e-05,N-t65n11xx_250,1429362
N-t65n11xx_250,first,exchange,cw,1184975,17.097628,0.006312,N-t65n11xx_250,1429362
N-t65n11xx_250,first,insert,random,955123,33.178369,2.1e-05,N-t65n11xx_250,1429362
N-t65n11xx_250,first,insert,cw,1185205,17.081537,0.011441,N-t65n11xx_250,1429362
N-t65n11xx_250,best,transpose,random,957446,33.015849,0.001728,N-t65n11xx_250,1429362
N-t65n11xx_250,best,transpose,cw,1185036,17.093361,0.006584,N-t65n11xx_250,1429362
N-t65n11xx_250,best,exchange,random,971853,32.007917,0.206323,N-t65n11xx_250,1429362
N-t65n11xx_250,best,exchange,cw,1191653,16.630427,0.236935,N-t65n11xx_250,1429362
N-t65n11xx_250,best,insert,random,965616,32.444265,0.433138,N-t65n11xx_250,1429362
N-t65n11xx_250,best,insert,cw,1190029,16.744044,0.440033,N-t65n11xx_250,1429362
N-t70l11xx_250,first,transpose,random,682260,38.707857,3.4e-05,N-t70l11xx_250,1113128
N-t70l11xx_250,first,transpose,cw,899355,19.20471,0.004191,N-t70l11xx_250,1113128
N-t70l11xx_250,first,exchange,random,683173,38.625836,0.000151,N-t70l11xx_250,1113128
N-t70l11xx_250,first,exchange,cw,899327,19.207225,0.004161,N-t70l11xx_250,1113128
N-t70l11xx_250,first,insert,random,682727,38.665904,0.000335,N-t70l11xx_250,1113128
N-t70l11xx_250,first,insert,cw,899298,19.20983,0.010865,N-t70l11xx_250,1113128
N-t70l11xx_250,best,transpose,random,683120,38.630598,0.001808,N-t70l11xx_250,1113128
N-t70l11xx_250,best,transpose,cw,899401,19.200577,0.006624,N-t70l11xx_250,1113128
N-t70l11xx_250,best,exchange,random,699402,37.167873,0.19077,N-t70l11xx_250,1113128
N-t70l11xx_250,best,exchange,cw,910617,18.192966,0.205524,N-t70l11xx_250,1113128
N-t70l11xx_250,best,insert,random,693288,37.717136,0.462807,N-t70l11xx_250,1113128
N-t70l11xx_250,best,insert,cw,906546,18.558692,0.494276,N-t70l11xx_250,1113128
N-t65l11xx_150,first,transpose,random,154047,39.207012,2.1e-05,N-t65l11xx_150,253396
N-t65l11xx_150,first,transpose,cw,216621,14.512857,0.001039,N-t65l11xx_150,253396
N-t65l11xx_150,first,exchange,random,154053,39.204644,1.5e-05,N-t65l11xx_150,253396
N-t65l11xx_150,first,exchange,cw,216601,14.52075,0.001032,N-t65l11xx_150,253396
N-t65l11xx_150,first,insert,random,154064,39.200303,0.000331,N-t65l11xx_150,253396
N-t65l11xx_150,first,insert,cw,216596,14.522723,0.000924,N-t65l11xx_150,253396
N-t65l11xx_150,best,transpose,random,154127,39.175441,0.000325,N-t65l11xx_150,253396
N-t65l11xx_150,best,transpose,cw,216621,14.512857,0.001259,N-t65l11xx_150,253396
N-t65l11xx_150,best,exchange,random,167630,33.846627,0.031047,N-t65l11xx_150,253396
N-t65l11xx_150,best,exchange,cw,218722,13.68372,0.029449,N-t65l11xx_150,253396
N-t65l11xx_150,best,insert,random,163135,35.620531,0.05372,N-t65l11xx_150,253396
N-t65l11xx_150,best,insert,cw,218318,13.843155,0.056442,N-t65l11xx_150,253396
N-t59b11xx_150,first,transpose,random,2053640,36.607245,1.8e-05,N-t59b11xx_150,3239550
N-t59b11xx_150,first,transpose,cw,2579520,20.374126,0.000985,N-t59b11xx_150,3239550
N-t59b11xx_150,first,exchange,random,2061280,36.37141,1.9e-05,N-t59b11xx_150,3239550
N-t59b11xx_150,first,exchange,cw,2579640,20.370422,0.000936,N-t59b11xx_150,3239550
N-t59b11xx_150,first,insert,random,2060300,36.401661,1.5e-05,N-t59b11xx_150,3239550
N-t59b11xx_150,first,insert,cw,2579690,20.368878,0.000951,N-t59b11xx_150,3239550
N-t59b11xx_150,best,transpose,random,2066920,36.197311,0.000337,N-t59b11xx_150,3239550
N-t59b11xx_150,best,transpose,cw,2579830,20.364557,0.001275,N-t59b11xx_150,3239550
N-t59b11xx_150,best,exchange,random,2110160,34.862558,0.030933,N-t59b11xx_150,3239550
N-t59b11xx_150,best,exchange,cw,2616110,19.244648,0.029663,N-t59b11xx_150,3239550
N-t59b11xx_150,best,insert,random,2094985,35.330987,0.055757,N-t59b11xx_150,3239550
N-t59b11xx_150,best,insert,cw,2602025,19.679431,0.055736,N-t59b11xx_150,3239550
N-t69r11xx_250,first,transpose,random,20195789,36.523022,4.2e-05,N-t69r11xx_250,31815927
N-t69r11xx_250,first,transpose,cw,26046310,18.134367,0.004309,N-t69r11xx_250,31815927
N-t69r11xx_250,first,exchange,random,20195789,36.523022,1.7e-05,N-t69r11xx_250,31815927
N-t69r11xx_250,first,exchange,cw,26083023,18.018975,0.004518,N-t69r11xx_250,31815927
N-t69r11xx_250,first,insert,random,20195789,36.523022,2.1e-05,N-t69r11xx_250,31815927
N-t69r11xx_250,first,insert,cw,26066662,18.070399,0.008592,N-t69r11xx_250,31815927
N-t69r11xx_250,best,transpose,random,20311079,36.160656,0.002566,N-t69r11xx_250,31815927
N-t69r11xx_250,best,transpose,cw,26048292,18.128138,0.006928,N-t69r11xx_250,31815927
N-t69r11xx_250,best,exchange,random,20724529,34.86115,0.200973,N-t69r11xx_250,31815927
N-t69r11xx_250,best,exchange,cw,26214061,17.607112,0.226078,N-t69r11xx_250,31815927
N-t69r11xx_250,best,insert,random,20515924,35.516812,0.44493,N-t69r11xx_250,31815927
N-t69r11xx_250,best,insert,cw,26229246,17.559385,0.463458,N-t69r11xx_250,31815927
N-t59d11xx_150,first,transpose,random,956644,34.597254,1.9e-05,N-t59d11xx_150,1462697
N-t59d11xx_150,first,transpose,cw,1168746,20.096507,0.000948,N-t59d11xx_150,1462697
N-t59d11xx_150,first,exchange,random,960566,34.329119,1.5e-05,N-t59d11xx_150,1462697
N-t59d11xx_150,first,exchange,cw,1168977,20.080714,0.000946,N-t59d11xx_150,1462697
N-t59d11xx_150,first,insert,random,959139,34.426679,1.5e-05,N-t59d11xx_150,1462697
N-t59d11xx_150,first,insert,cw,1168922,20.084474,0.000928,N-t59d11xx_150,1462697
N-t59d11xx_150,best,transpose,random,959256,34.41868,0.000337,N-t59d11xx_150,1462697
N-t59d11xx_150,best,transpose,cw,1168833,20.090559,0.001251,N-t59d11xx_150,1462697
N-t59d11xx_150,best,exchange,random,984867,32.667736,0.031417,N-t59d11xx_150,1462697
N-t59d11xx_150,best,exchange,cw,1191903,18.513335,0.029718,N-t59d11xx_150,1462697
N-t59d11xx_150,best,insert,random,975215,33.327613,0.056133,N-t59d11xx_150,1462697
N-t59d11xx_150,best,insert,cw,1185697,18.93762,0.056652,N-t59d11xx_150,1462697
N-t75e11xx_150,first,transpose,random,26191607,36.994262,1.5e-05,N-t75e11xx_150,41570193
N-t75e11xx_150,first,transpose,cw,33273743,19.957689,0.000943,N-t75e11xx_150,41570193
N-t75e11xx_150,first,exchange,random,26191204,36.995231,9e-06,N-t75e11xx_150,41570193
N-t75e11xx_150,first,exchange,cw,33273743,19.957689,0.00094,N-t75e11xx_150,41570193
N-t75e11xx_150,first,insert,random,26191381,36.994805,9e-06,N-t75e11xx_150,41570193
N-t75e11xx_150,first,insert,cw,33273743,19.957689,0.000916,N-t75e11xx_150,41570193
N-t75e11xx_150,best,transpose,random,26301962,36.728795,0.000316,N-t75e11xx_150,41570193
N-t75e11xx_150,best,transpose,cw,33327293,19.828871,0.001235,N-t75e11xx_150,41570193
N-t75e11xx_150,best,exchange,random,27316059,34.289314,0.030806,N-t75e11xx_150,41570193
N-t75e11xx_150,best,exchange,cw,33585920,19.206726,0.029857,N-t75e11xx_150,41570193
N-t75e11xx_150,best,insert,random,26877423,35.344483,0.053663,N-t75e11xx_150,41570193
N-t75e11xx_150,best,insert,cw,33565259,19.256427,0.056596,N-t75e11xx_150,41570193
N-t65b11xx_250,first,transpose,random,11012780,36.246483,2.2e-05,N-t65b11xx_250,17273996
N-t65b11xx_250,first,transpose,cw,14496063,16.081589,0.004247,N-t65b11xx_250,17273996
N-t65b11xx_250,first,exchange,random,11012780,36.246483,1.5e-05,N-t65b11xx_250,17273996
N-t65b11xx_250,first,exchange,cw,14495969,16.082133,0.004222,N-t65b11xx_250,17273996
N-t65b11xx_250,first,insert,random,11012780,36.246483,1.6e-05,N-t65b11xx_250,17273996
N-t65b11xx_250,first,insert,cw,14496122,16.081247,0.00717,N-t65b11xx_250,17273996
N-t65b11xx_250,best,transpose,random,11032706,36.13113,0.003863,N-t65b11xx_250,17273996
N-t65b11xx_250,best,transpose,cw,14496971,16.076332,0.007388,N-t65b11xx_250,17273996
N-t65b11xx_250,best,exchange,random,11270578,34.754078,0.201313,N-t65b11xx_250,17273996
N-t65b11xx_250,best,exchange,cw,14618628,15.372054,0.227995,N-t65b11xx_250,17273996
N-t65b11xx_250,best,insert,random,11184918,35.249968,0.431776,N-t65b11xx_250,17273996
N-t65b11xx_250,best,insert,cw,14597249,15.495818,0.473769,N-t65b11xx_250,17273996
N-tiw56n72_250,first,transpose,random,7647880,31.407339,5.4e-05,N-tiw56n72_250,11149706
N-tiw56n72_250,first,transpose,cw,9409074,15.611461,0.004168,N-tiw56n72_250,11149706
N-tiw56n72_250,first,exchange,random,7577087,32.042271,2.3e-05,N-tiw56n72_250,11149706
N-tiw56n72_250,first,exchange,cw,9409085,15.611362,0.004647,N-tiw56n72_250,11149706
N-tiw56n72_250,first,insert,random,7577143,32.041769,2.9e-05,N-tiw56n72_250,11149706
N-tiw56n72_250,first,insert,cw,9409979,15.603344,0.009961,N-tiw56n72_250,11149706
N-tiw56n72_250,best,transpose,random,7647880,31.407339,0.00186,N-tiw56n72_250,11149706
N-tiw56n72_250,best,transpose,cw,9414856,15.559603,0.006561,N-tiw56n72_250,11149706
N-tiw56n72_250,best,exchange,random,7763393,30.371321,0.195983,N-tiw56n72_250,11149706
N-tiw56n72_250,best,exchange,cw,9485897,14.922447,0.210853,N-tiw56n72_250,11149706
N-tiw56n72_250,best,insert,random,7692142,31.01036,0.416247,N-tiw56n72_250,11149706
N-tiw56n72_250,best,insert,cw,9490232,14.883567,0.459773,N-tiw56n72_250,11149706
N-t70f11xx_250,first,transpose,random,9417651,30.681897,2.4e-05,N-t70f11xx_250,13586135
N-t70f11xx_250,first,transpose,cw,11379690,16.240417,0.004802,N-t70f11xx_250,13586135
N-t70f11xx_250,first,exchange,random,9417651,30.681897,2.1e-05,N-t70f11xx_250,13586135
N-t70f11xx_250,first,exchange,cw,11380036,16.23787,0.00839,N-t70f11xx_250,13586135
N-t70f11xx_250,first,insert,random,9417651,30.681897,2.6e-05,N-t70f11xx_250,13586135
N-t70f11xx_250,first,insert,cw,11379604,16.24105,0.009248,N-t70f11xx_250,13586135
N-t70f11xx_250,best,transpose,random,9440698,30.512261,0.001788,N-t70f11xx_250,13586135
N-t70f11xx_250,best,transpose,cw,11381452,16.227448,0.006651,N-t70f11xx_250,13586135
N-t70f11xx_250,best,exchange,random,9594538,29.37993,0.212165,N-t70f11xx_250,13586135
N-t70f11xx_250,best,exchange,cw,11451188,15.71416,0.214915,N-t70f11xx_250,13586135
N-t70f11xx_250,best,insert,random,9524520,29.895294,0.409384,N-t70f11xx_250,13586135
N-t70f11xx_250,best,insert,cw,11432232,15.853685,0.440735,N-t70f11xx_250,13586135
N-t59b11xx_250,first,transpose,random,5632330,33.043387,2.5e-05,N-t59b11xx_250,8411910
N-t59b11xx_250,first,transpose,cw,6950335,17.375067,0.004371,N-t59b11xx_250,8411910
N-t59b11xx_250,first,exchange,random,5634325,33.019671,0.000159,N-t59b11xx_250,8411910
N-t59b11xx_250,first,exchange,cw,6950615,17.371738,0.006342,N-t59b11xx_250,8411910
N-t59b11xx_250,first,insert,random,5632330,33.043387,6.1e-05,N-t59b11xx_250,8411910
N-t59b11xx_250,first,insert,cw,6950415,17.374116,0.01058,N-t59b11xx_250,8411910
N-t59b11xx_250,best,transpose,random,5647510,32.862929,0.001805,N-t59b11xx_250,8411910
N-t59b11xx_250,best,transpose,cw,6950655,17.371263,0.00666,N-t59b11xx_250,8411910
N-t59b11xx_250,best,exchange,random,5730045,31.881761,0.211259,N-t59b11xx_250,8411910
N-t59b11xx_250,best,exchange,cw,6989510,16.909358,0.241586,N-t59b11xx_250,8411910
N-t59b11xx_250,best,insert,random,5693105,32.3209,0.433661,N-t59b11xx_250,8411910
N-t59b11xx_250,best,insert,cw,6976120,17.068537,0.448276,N-t59b11xx_250,8411910
N-be75tot_250,first,transpose,random,21031817,32.064722,1.7e-05,N-be75tot_250,30958609
N-be75tot_250,first,transpose,cw,25681049,17.047148,0.00417,N-be75tot_250,30958609
N-be75tot_250,first,exchange,random,21031817,32.064722,1.6e-05,N-be75tot_250,30958609
N-be75tot_250,first,exchange,cw,25681470,17.045788,0.004218,N-be75tot_250,30958609
N-be75tot_250,first,insert,random,21031817,32.064722,1.6e-05,N-be75tot_250,30958609
N-be75tot_250,first,insert,cw,25681049,17.047148,0.009581,N-be75tot_250,30958609
N-be75tot_250,best,transpose,random,21125758,31.761282,0.003519,N-be75tot_250,30958609
N-be75tot_250,best,transpose,cw,25682978,17.040917,0.006758,N-be75tot_250,30958609
N-be75tot_250,best,exchange,random,21413653,30.831346,0.201285,N-be75tot_250,30958609
N-be75tot_250,best,exchange,cw,25876198,16.416794,0.251603,N-be75tot_250,30958609
N-be75tot_250,best,insert,random,21263793,31.315412,0.431095,N-be75tot_250,30958609
N-be75tot_250,best,insert,cw,25824175,16.584834,0.45385,N-be75tot_250,30958609
